site,layer,component,slope,ci_low,ci_high,schedule_count,bootstrap_samples,aggregation,readout
final_prompt,0,even,0.00011700292428334554,-0.00012628546502027247,0.0002895009567340214,8,2000,pooled across all five symmetric reliability pairs,final norm and head in float32 on saved BF16 residuals; descriptive
final_prompt,0,odd,-2.945562203725179e-05,-0.00010408273365880761,4.36124628917737e-05,8,2000,pooled across all five symmetric reliability pairs,final norm and head in float32 on saved BF16 residuals; descriptive
final_prompt,1,even,0.00012889951467514037,-0.00022263857722282408,0.00036695209642251297,8,2000,pooled across all five symmetric reliability pairs,final norm and head in float32 on saved BF16 residuals; descriptive
final_prompt,1,odd,5.362406373023987e-05,-0.00013545900583267212,0.00017928664149208492,8,2000,pooled across all five symmetric reliability pairs,final norm and head in float32 on saved BF16 residuals; descriptive
final_prompt,2,even,-0.00028730320433775585,-0.0012116087363524869,0.00036200460265664494,8,2000,pooled across all five symmetric reliability pairs,final norm and head in float32 on saved BF16 residuals; descriptive
final_prompt,2,odd,4.673985143502553e-05,-0.00022605529864027043,0.00023365742759779088,8,2000,pooled across all five symmetric reliability pairs,final norm and head in float32 on saved BF16 residuals; descriptive
final_prompt,3,even,-0.0004381875197092692,-0.0016584692584971587,0.0004554489084092297,8,2000,pooled across all five symmetric reliability pairs,final norm and head in float32 on saved BF16 residuals; descriptive
final_prompt,3,odd,-4.289944966634115e-05,-0.00030946401540528644,0.00027231612760159697,8,2000,pooled across all five symmetric reliability pairs,final norm and head in float32 on saved BF16 residuals; descriptive
final_prompt,4,even,-0.0011403958002726238,-0.003338383273644881,0.00039768221655062265,8,2000,pooled across all five symmetric reliability pairs,final norm and head in float32 on saved BF16 residuals; descriptive
final_prompt,4,odd,-0.00047746623555819194,-0.000925497187188629,-1.711670749566783e-05,8,2000,pooled across all five symmetric reliability pairs,final norm and head in float32 on saved BF16 residuals; descriptive
final_prompt,5,even,-0.0013876510163148244,-0.0030131560044758246,-0.00022421166331818015,8,2000,pooled across all five symmetric reliability pairs,final norm and head in float32 on saved BF16 residuals; descriptive
final_prompt,5,odd,-0.000806785374879837,-0.0011130502487604434,-0.00042614941263482715,8,2000,pooled across all five symmetric reliability pairs,final norm and head in float32 on saved BF16 residuals; descriptive
final_prompt,6,even,-0.0016167443866531054,-0.0032471145855055917,-0.00018552378068367655,8,2000,pooled across all five symmetric reliability pairs,final norm and head in float32 on saved BF16 residuals; descriptive
final_prompt,6,odd,-0.0003225373104214668,-0.0008986038067019902,0.0001494032852351656,8,2000,pooled across all five symmetric reliability pairs,final norm and head in float32 on saved BF16 residuals; descriptive
final_prompt,7,even,-0.0012466692676146825,-0.0030501282439482484,0.0001867056334657326,8,2000,pooled across all five symmetric reliability pairs,final norm and head in float32 on saved BF16 residuals; descriptive
final_prompt,7,odd,-0.0002915187428394953,-0.000980066970922053,0.0004361113055486865,8,2000,pooled across all five symmetric reliability pairs,final norm and head in float32 on saved BF16 residuals; descriptive
final_prompt,8,even,-0.0008790366351604462,-0.004428808507509529,0.0018643548594166816,8,2000,pooled across all five symmetric reliability pairs,final norm and head in float32 on saved BF16 residuals; descriptive
final_prompt,8,odd,5.662341912587484e-05,-0.00039177052960509345,0.0008432195045881792,8,2000,pooled across all five symmetric reliability pairs,final norm and head in float32 on saved BF16 residuals; descriptive
final_prompt,9,even,-0.0008871601894497871,-0.0035568551160395146,0.001327254374821981,8,2000,pooled across all five symmetric reliability pairs,final norm and head in float32 on saved BF16 residuals; descriptive
final_prompt,9,odd,0.0001498805359005928,-0.00019142233899661473,0.0005894245579838751,8,2000,pooled across all five symmetric reliability pairs,final norm and head in float32 on saved BF16 residuals; descriptive
final_prompt,10,even,-0.0002280843754609426,-0.0028438509107482704,0.0029830228164792047,8,2000,pooled across all five symmetric reliability pairs,final norm and head in float32 on saved BF16 residuals; descriptive
final_prompt,10,odd,-0.00015473564465840657,-0.0007537198338944178,0.00048213718252049513,8,2000,pooled across all five symmetric reliability pairs,final norm and head in float32 on saved BF16 residuals; descriptive
final_prompt,11,even,-8.768439292907714e-05,-0.0019571753484862193,0.0015690114380170893,8,2000,pooled across all five symmetric reliability pairs,final norm and head in float32 on saved BF16 residuals; descriptive
final_prompt,11,odd,0.00026148507992426555,-0.000650173749097369,0.000971234770491719,8,2000,pooled across all five symmetric reliability pairs,final norm and head in float32 on saved BF16 residuals; descriptive
final_prompt,12,even,0.0006821736072500547,-0.0005827656650523606,0.002327535876649474,8,2000,pooled across all five symmetric reliability pairs,final norm and head in float32 on saved BF16 residuals; descriptive
final_prompt,12,odd,-0.00018048714846372605,-0.001123583613273998,0.0008061269042082123,8,2000,pooled across all five symmetric reliability pairs,final norm and head in float32 on saved BF16 residuals; descriptive
final_prompt,13,even,-0.002667214721441269,-0.007524287018924952,0.002602963803260764,8,2000,pooled across all five symmetric reliability pairs,final norm and head in float32 on saved BF16 residuals; descriptive
final_prompt,13,odd,0.00010220110416412354,-0.000979873064905405,0.0011831740946085612,8,2000,pooled across all five symmetric reliability pairs,final norm and head in float32 on saved BF16 residuals; descriptive
final_prompt,14,even,-0.004675157368183136,-0.012108335542182129,0.003324614585491635,8,2000,pooled across all five symmetric reliability pairs,final norm and head in float32 on saved BF16 residuals; descriptive
final_prompt,14,odd,0.0001595387856165568,-0.001139184469357133,0.000933790387223577,8,2000,pooled across all five symmetric reliability pairs,final norm and head in float32 on saved BF16 residuals; descriptive
final_prompt,15,even,-0.0052576849857966105,-0.01408211964581694,0.0028510064574725465,8,2000,pooled across all five symmetric reliability pairs,final norm and head in float32 on saved BF16 residuals; descriptive
final_prompt,15,odd,-0.00010369171698888143,-0.0017311194942078807,0.0014594712709500007,8,2000,pooled across all five symmetric reliability pairs,final norm and head in float32 on saved BF16 residuals; descriptive
final_prompt,16,even,-0.005152930443485578,-0.013604947204391163,0.002084586024284363,8,2000,pooled across all five symmetric reliability pairs,final norm and head in float32 on saved BF16 residuals; descriptive
final_prompt,16,odd,-0.00027062805990378064,-0.001954370178282261,0.0008368627090627935,8,2000,pooled across all five symmetric reliability pairs,final norm and head in float32 on saved BF16 residuals; descriptive
final_prompt,17,even,-0.0018271287282307944,-0.01014164067308108,0.006910486308967365,8,2000,pooled across all five symmetric reliability pairs,final norm and head in float32 on saved BF16 residuals; descriptive
final_prompt,17,odd,-0.0009384408593177795,-0.003411306186349361,0.0007314082641493189,8,2000,pooled across all five symmetric reliability pairs,final norm and head in float32 on saved BF16 residuals; descriptive
final_prompt,18,even,-0.005586544175942739,-0.012985973060131073,0.004203614475471628,8,2000,pooled across all five symmetric reliability pairs,final norm and head in float32 on saved BF16 residuals; descriptive
final_prompt,18,odd,-0.0016788785656293233,-0.005494806170463562,0.0009863990917801835,8,2000,pooled across all five symmetric reliability pairs,final norm and head in float32 on saved BF16 residuals; descriptive
final_prompt,19,even,-6.0339768727620445e-05,-0.0077622201045354205,0.008159062792273129,8,2000,pooled across all five symmetric reliability pairs,final norm and head in float32 on saved BF16 residuals; descriptive
final_prompt,19,odd,-0.0006744434436162313,-0.003469935635725657,0.0016359641944820227,8,2000,pooled across all five symmetric reliability pairs,final norm and head in float32 on saved BF16 residuals; descriptive
final_prompt,20,even,0.0021465860307216646,-0.003408935240336827,0.006657583077748615,8,2000,pooled across all five symmetric reliability pairs,final norm and head in float32 on saved BF16 residuals; descriptive
final_prompt,20,odd,-0.0005220281581083934,-0.0026883096247911453,0.001270963499465812,8,2000,pooled across all five symmetric reliability pairs,final norm and head in float32 on saved BF16 residuals; descriptive
final_prompt,21,even,-0.0011328943073749542,-0.006848238408565521,0.006021932368831974,8,2000,pooled across all five symmetric reliability pairs,final norm and head in float32 on saved BF16 residuals; descriptive
final_prompt,21,odd,-0.0006737582385540009,-0.0025625940412282943,0.0011802507850986244,8,2000,pooled across all five symmetric reliability pairs,final norm and head in float32 on saved BF16 residuals; descriptive
final_prompt,22,even,-0.0004052625348170598,-0.0055606054784730075,0.004772168847087477,8,2000,pooled across all five symmetric reliability pairs,final norm and head in float32 on saved BF16 residuals; descriptive
final_prompt,22,odd,-0.00046274897952874503,-0.0029170792810618877,0.001799639732621255,8,2000,pooled across all five symmetric reliability pairs,final norm and head in float32 on saved BF16 residuals; descriptive
final_prompt,23,even,0.0341401801755031,0.006902417354285717,0.05950521217768681,8,2000,pooled across all five symmetric reliability pairs,final norm and head in float32 on saved BF16 residuals; descriptive
final_prompt,23,odd,0.007108978554606437,-0.0002869773916900157,0.015608096950583988,8,2000,pooled across all five symmetric reliability pairs,final norm and head in float32 on saved BF16 residuals; descriptive
final_prompt,24,even,0.032773046443859734,0.007913175331428646,0.054838265183304126,8,2000,pooled across all five symmetric reliability pairs,final norm and head in float32 on saved BF16 residuals; descriptive
final_prompt,24,odd,0.006709031388163566,-0.0007872274255051332,0.015213878038339316,8,2000,pooled across all five symmetric reliability pairs,final norm and head in float32 on saved BF16 residuals; descriptive
final_prompt,25,even,0.029548707356055578,0.007708609951660037,0.050394390791188924,8,2000,pooled across all five symmetric reliability pairs,final norm and head in float32 on saved BF16 residuals; descriptive
final_prompt,25,odd,0.005981540679931641,-0.0005860082127831198,0.013302493772239653,8,2000,pooled across all five symmetric reliability pairs,final norm and head in float32 on saved BF16 residuals; descriptive
final_prompt,26,even,0.024927950588365395,0.006789694647304714,0.04203152488318403,8,2000,pooled across all five symmetric reliability pairs,final norm and head in float32 on saved BF16 residuals; descriptive
final_prompt,26,odd,0.005529377919932206,-5.760547281666233e-05,0.011771705084376865,8,2000,pooled across all five symmetric reliability pairs,final norm and head in float32 on saved BF16 residuals; descriptive
final_prompt,27,even,0.08064803959180912,0.028687363945775562,0.12628316210183707,8,2000,pooled across all five symmetric reliability pairs,final norm and head in float32 on saved BF16 residuals; descriptive
final_prompt,27,odd,0.015872240625321866,0.002170309308056648,0.03126174769722498,8,2000,pooled across all five symmetric reliability pairs,final norm and head in float32 on saved BF16 residuals; descriptive
final_prompt,28,even,0.08160070950786273,0.014810658073560759,0.1279215619234102,8,2000,pooled across all five symmetric reliability pairs,final norm and head in float32 on saved BF16 residuals; descriptive
final_prompt,28,odd,0.01597150464852651,0.0004966362635907415,0.03283179067075252,8,2000,pooled across all five symmetric reliability pairs,final norm and head in float32 on saved BF16 residuals; descriptive
final_prompt,29,even,0.12096403688192367,0.0227485320265546,0.18970003619790077,8,2000,pooled across all five symmetric reliability pairs,final norm and head in float32 on saved BF16 residuals; descriptive
final_prompt,29,odd,0.02207893580198288,0.0007890637011991607,0.04560588601231572,8,2000,pooled across all five symmetric reliability pairs,final norm and head in float32 on saved BF16 residuals; descriptive
final_prompt,30,even,0.1112002412478129,0.02300573063393434,0.17258821792900558,8,2000,pooled across all five symmetric reliability pairs,final norm and head in float32 on saved BF16 residuals; descriptive
final_prompt,30,odd,0.020597111185391745,0.0020582605491984976,0.0407941362361113,8,2000,pooled across all five symmetric reliability pairs,final norm and head in float32 on saved BF16 residuals; descriptive
final_prompt,31,even,0.09163769880930582,0.021102389603853227,0.14032887265086172,8,2000,pooled across all five symmetric reliability pairs,final norm and head in float32 on saved BF16 residuals; descriptive
final_prompt,31,odd,0.02213900089263916,0.005539011470973491,0.041357173757119614,8,2000,pooled across all five symmetric reliability pairs,final norm and head in float32 on saved BF16 residuals; descriptive
answer_prefix,0,even,6.681556502978007e-05,-1.5056651085615158e-05,0.00016596261039376255,8,2000,pooled across all five symmetric reliability pairs,final norm and head in float32 on saved BF16 residuals; descriptive
answer_prefix,0,odd,2.5713692108790078e-05,-3.230774944478815e-05,6.718922119874221e-05,8,2000,pooled across all five symmetric reliability pairs,final norm and head in float32 on saved BF16 residuals; descriptive
answer_prefix,1,even,5.111719171206156e-05,-0.00029377863804499305,0.00041398873345719424,8,2000,pooled across all five symmetric reliability pairs,final norm and head in float32 on saved BF16 residuals; descriptive
answer_prefix,1,odd,6.707410017649332e-05,1.4878526329994203e-05,0.00011943525888703082,8,2000,pooled across all five symmetric reliability pairs,final norm and head in float32 on saved BF16 residuals; descriptive
answer_prefix,2,even,8.762329816818238e-05,-0.0007102966021027481,0.0008873137143073659,8,2000,pooled across all five symmetric reliability pairs,final norm and head in float32 on saved BF16 residuals; descriptive
answer_prefix,2,odd,0.00021669094761212667,5.1541050676913824e-05,0.0004209336514274278,8,2000,pooled across all five symmetric reliability pairs,final norm and head in float32 on saved BF16 residuals; descriptive
answer_prefix,3,even,-7.94212023417155e-05,-0.00046759481940950666,0.0003720889563361803,8,2000,pooled across all five symmetric reliability pairs,final norm and head in float32 on saved BF16 residuals; descriptive
answer_prefix,3,odd,0.00018069868286450704,-8.121037390083074e-05,0.0005181787264618004,8,2000,pooled across all five symmetric reliability pairs,final norm and head in float32 on saved BF16 residuals; descriptive
answer_prefix,4,even,-0.0003684030224879583,-0.001046026755745212,0.00019796102399042865,8,2000,pooled across all five symmetric reliability pairs,final norm and head in float32 on saved BF16 residuals; descriptive
answer_prefix,4,odd,-7.834347585837047e-05,-0.0003100484206030766,0.00018804524488972885,8,2000,pooled across all five symmetric reliability pairs,final norm and head in float32 on saved BF16 residuals; descriptive
answer_prefix,5,even,-0.0002978122482697169,-0.0006168010955055556,8.409791163631252e-05,8,2000,pooled across all five symmetric reliability pairs,final norm and head in float32 on saved BF16 residuals; descriptive
answer_prefix,5,odd,0.0001594410588343938,-1.4665515960327216e-05,0.0003997809439897535,8,2000,pooled across all five symmetric reliability pairs,final norm and head in float32 on saved BF16 residuals; descriptive
answer_prefix,6,even,-8.050414423147838e-05,-0.0005065620144208273,0.0002866871654987335,8,2000,pooled across all five symmetric reliability pairs,final norm and head in float32 on saved BF16 residuals; descriptive
answer_prefix,6,odd,0.00023886797328790028,5.572848487645388e-05,0.0005241554509848354,8,2000,pooled across all five symmetric reliability pairs,final norm and head in float32 on saved BF16 residuals; descriptive
answer_prefix,7,even,-0.0017058112969001134,-0.0025971017777919768,-0.0008324630558490753,8,2000,pooled across all five symmetric reliability pairs,final norm and head in float32 on saved BF16 residuals; descriptive
answer_prefix,7,odd,0.00028604231774806974,0.00016294565530759948,0.0004347516316920519,8,2000,pooled across all five symmetric reliability pairs,final norm and head in float32 on saved BF16 residuals; descriptive
answer_prefix,8,even,0.0008026547729969025,-0.0019604398852254585,0.003982779410268579,8,2000,pooled across all five symmetric reliability pairs,final norm and head in float32 on saved BF16 residuals; descriptive
answer_prefix,8,odd,0.0004200465977191925,8.916112993444715e-05,0.0009166682884097098,8,2000,pooled across all five symmetric reliability pairs,final norm and head in float32 on saved BF16 residuals; descriptive
answer_prefix,9,even,0.00010269184907277426,-0.0013688175752758981,0.0016561613985233835,8,2000,pooled across all five symmetric reliability pairs,final norm and head in float32 on saved BF16 residuals; descriptive
answer_prefix,9,odd,0.00020480801661809284,-0.0002584603594409095,0.0005774695931800774,8,2000,pooled across all five symmetric reliability pairs,final norm and head in float32 on saved BF16 residuals; descriptive
answer_prefix,10,even,0.0008193788429101309,-0.0026583187643970762,0.00494635851184527,8,2000,pooled across all five symmetric reliability pairs,final norm and head in float32 on saved BF16 residuals; descriptive
answer_prefix,10,odd,7.805377244949341e-05,-0.000894713173309962,0.0007115361702938872,8,2000,pooled across all five symmetric reliability pairs,final norm and head in float32 on saved BF16 residuals; descriptive
answer_prefix,11,even,-0.00041428953409194946,-0.004246207848660835,0.0040472295470535685,8,2000,pooled across all five symmetric reliability pairs,final norm and head in float32 on saved BF16 residuals; descriptive
answer_prefix,11,odd,0.00011292174458503723,-0.0011043349901835124,0.0009739719269176319,8,2000,pooled across all five symmetric reliability pairs,final norm and head in float32 on saved BF16 residuals; descriptive
answer_prefix,12,even,-8.440750340620677e-05,-0.004632381682749837,0.005735331408989919,8,2000,pooled across all five symmetric reliability pairs,final norm and head in float32 on saved BF16 residuals; descriptive
answer_prefix,12,odd,0.00015795044600963593,-0.0007622190853580832,0.0009550419100560246,8,2000,pooled across all five symmetric reliability pairs,final norm and head in float32 on saved BF16 residuals; descriptive
answer_prefix,13,even,-0.0023129486789306005,-0.006437959573231637,0.0006046797865285306,8,2000,pooled across all five symmetric reliability pairs,final norm and head in float32 on saved BF16 residuals; descriptive
answer_prefix,13,odd,6.250105798244476e-05,-0.0011377768878909674,0.001088499704262975,8,2000,pooled across all five symmetric reliability pairs,final norm and head in float32 on saved BF16 residuals; descriptive
answer_prefix,14,even,-0.010012120629350344,-0.02402222734911797,0.007140865766576354,8,2000,pooled across all five symmetric reliability pairs,final norm and head in float32 on saved BF16 residuals; descriptive
answer_prefix,14,odd,-8.697671194871267e-05,-0.002639020180160349,0.0018560725067343021,8,2000,pooled across all five symmetric reliability pairs,final norm and head in float32 on saved BF16 residuals; descriptive
answer_prefix,15,even,0.007677571444461743,-0.0019370051174932583,0.020446499910516037,8,2000,pooled across all five symmetric reliability pairs,final norm and head in float32 on saved BF16 residuals; descriptive
answer_prefix,15,odd,0.0011007242215176423,-0.003217269387096167,0.005901798005448648,8,2000,pooled across all five symmetric reliability pairs,final norm and head in float32 on saved BF16 residuals; descriptive
answer_prefix,16,even,-0.0019401048154880603,-0.018561858698625915,0.013811402918366638,8,2000,pooled across all five symmetric reliability pairs,final norm and head in float32 on saved BF16 residuals; descriptive
answer_prefix,16,odd,0.0003137923001001279,-0.003361834670332345,0.004165196250049537,8,2000,pooled across all five symmetric reliability pairs,final norm and head in float32 on saved BF16 residuals; descriptive
answer_prefix,17,even,0.0066733093311389284,-0.011926001523222242,0.03108652351085434,8,2000,pooled across all five symmetric reliability pairs,final norm and head in float32 on saved BF16 residuals; descriptive
answer_prefix,17,odd,0.0005429277817408244,-0.0013578378153033554,0.0033581043745983716,8,2000,pooled across all five symmetric reliability pairs,final norm and head in float32 on saved BF16 residuals; descriptive
answer_prefix,18,even,0.03702771862347921,0.010013042999487935,0.0687197265954954,8,2000,pooled across all five symmetric reliability pairs,final norm and head in float32 on saved BF16 residuals; descriptive
answer_prefix,18,odd,0.004180213809013367,0.0009573938754888681,0.00834501376399746,8,2000,pooled across all five symmetric reliability pairs,final norm and head in float32 on saved BF16 residuals; descriptive
answer_prefix,19,even,0.043380411341786385,0.015597579783626966,0.07692096750251948,8,2000,pooled across all five symmetric reliability pairs,final norm and head in float32 on saved BF16 residuals; descriptive
answer_prefix,19,odd,0.003299493466814359,-0.0005027550097022737,0.006366879189243682,8,2000,pooled across all five symmetric reliability pairs,final norm and head in float32 on saved BF16 residuals; descriptive
answer_prefix,20,even,0.049862358967463175,0.017254399210214613,0.0808173513527782,8,2000,pooled across all five symmetric reliability pairs,final norm and head in float32 on saved BF16 residuals; descriptive
answer_prefix,20,odd,0.005358763039112091,0.0006165291555225849,0.011097387897471582,8,2000,pooled across all five symmetric reliability pairs,final norm and head in float32 on saved BF16 residuals; descriptive
answer_prefix,21,even,0.03209183191259702,0.007293983259887406,0.06085589932134517,8,2000,pooled across all five symmetric reliability pairs,final norm and head in float32 on saved BF16 residuals; descriptive
answer_prefix,21,odd,0.0027065897981325784,-0.0017667719296046666,0.00795750238678672,8,2000,pooled across all five symmetric reliability pairs,final norm and head in float32 on saved BF16 residuals; descriptive
answer_prefix,22,even,0.024284746249516806,-0.0008322331368584523,0.052643443529422455,8,2000,pooled across all five symmetric reliability pairs,final norm and head in float32 on saved BF16 residuals; descriptive
answer_prefix,22,odd,0.001557318369547526,-0.0017790342771581242,0.00522848851357897,8,2000,pooled across all five symmetric reliability pairs,final norm and head in float32 on saved BF16 residuals; descriptive
answer_prefix,23,even,0.19678091059128444,0.08257029581446569,0.3041409741008612,8,2000,pooled across all five symmetric reliability pairs,final norm and head in float32 on saved BF16 residuals; descriptive
answer_prefix,23,odd,0.038001095751921336,0.0036524671455845236,0.0779289451151183,8,2000,pooled across all five symmetric reliability pairs,final norm and head in float32 on saved BF16 residuals; descriptive
answer_prefix,24,even,0.2047764307508866,0.08829539635061444,0.31945143940160026,8,2000,pooled across all five symmetric reliability pairs,final norm and head in float32 on saved BF16 residuals; descriptive
answer_prefix,24,odd,0.03673938624560833,0.005709648674640518,0.0734616072340445,8,2000,pooled across all five symmetric reliability pairs,final norm and head in float32 on saved BF16 residuals; descriptive
answer_prefix,25,even,0.1949288455148538,0.08359104615059636,0.303006724268198,8,2000,pooled across all five symmetric reliability pairs,final norm and head in float32 on saved BF16 residuals; descriptive
answer_prefix,25,odd,0.03044383948047956,0.0033966976793349856,0.062057134541259544,8,2000,pooled across all five symmetric reliability pairs,final norm and head in float32 on saved BF16 residuals; descriptive
answer_prefix,26,even,0.19277475426594418,0.0890074818287835,0.29036977921132784,8,2000,pooled across all five symmetric reliability pairs,final norm and head in float32 on saved BF16 residuals; descriptive
answer_prefix,26,odd,0.031875249246756235,0.0005809598690585086,0.06789718785069206,8,2000,pooled across all five symmetric reliability pairs,final norm and head in float32 on saved BF16 residuals; descriptive
answer_prefix,27,even,0.3503485321998596,0.12608976201619954,0.5251959886914113,8,2000,pooled across all five symmetric reliability pairs,final norm and head in float32 on saved BF16 residuals; descriptive
answer_prefix,27,odd,0.05596169953544935,0.02270308526244127,0.09275646252630206,8,2000,pooled across all five symmetric reliability pairs,final norm and head in float32 on saved BF16 residuals; descriptive
answer_prefix,28,even,0.4996349406739076,0.23174001947045325,0.6817701953028639,8,2000,pooled across all five symmetric reliability pairs,final norm and head in float32 on saved BF16 residuals; descriptive
answer_prefix,28,odd,0.07646956965327263,0.03297985462471843,0.10534257558484872,8,2000,pooled across all five symmetric reliability pairs,final norm and head in float32 on saved BF16 residuals; descriptive
answer_prefix,29,even,0.8593275944391886,0.4277511460416847,1.1474712858029774,8,2000,pooled across all five symmetric reliability pairs,final norm and head in float32 on saved BF16 residuals; descriptive
answer_prefix,29,odd,0.14127641717592876,0.06637929439544678,0.19540924616448285,8,2000,pooled across all five symmetric reliability pairs,final norm and head in float32 on saved BF16 residuals; descriptive
answer_prefix,30,even,1.3255133589108785,0.5754244607769781,1.941978075080796,8,2000,pooled across all five symmetric reliability pairs,final norm and head in float32 on saved BF16 residuals; descriptive
answer_prefix,30,odd,0.20829662879308064,0.10275760471820831,0.2870357682383977,8,2000,pooled across all five symmetric reliability pairs,final norm and head in float32 on saved BF16 residuals; descriptive
answer_prefix,31,even,0.31560483773549397,0.12743037445204597,0.48567402426685596,8,2000,pooled across all five symmetric reliability pairs,final norm and head in float32 on saved BF16 residuals; descriptive
answer_prefix,31,odd,0.05067324241002401,0.024258090167334583,0.0683117858117277,8,2000,pooled across all five symmetric reliability pairs,final norm and head in float32 on saved BF16 residuals; descriptive
