recipient_row_id,donor_row_id,schedule,answer_pattern,recipient_reliability,donor_reliability,delta_a,recipient_z_bayes,donor_z_bayes,non_tie,layer,site,condition,baseline_margin,patched_margin,margin_change,design_sha256,reasoning,backend,base_reliability_regime,baseline_recipient_correct,patched_recipient_correct,baseline_counterfactual_correct,patched_counterfactual_correct,margin_change_toward_counterfactual,choice_changed,original_task_repaired,original_task_harmed
4bf5fdce5f1a32ba2618fabe,deae2b535fbd00029b3f1305,0,NYN,1/20,19/20,-2.0,5.888877958332881,-5.8888779583328805,True,2,final_prompt,reliability_interchange,-1.25,-1.25,0.0,a36b8af3588263449b49626227600d75a3aaa8b1ac4a47b8e5eebf3a9a895848,False,native_bf16_gpu_with_cpu_weight_offload,low,False,False,True,True,-0.0,False,False,False
4bf5fdce5f1a32ba2618fabe,deae2b535fbd00029b3f1305,0,NYN,1/20,19/20,-2.0,5.888877958332881,-5.8888779583328805,True,31,final_prompt,reliability_interchange,-1.25,-1.25,0.0,a36b8af3588263449b49626227600d75a3aaa8b1ac4a47b8e5eebf3a9a895848,False,native_bf16_gpu_with_cpu_weight_offload,low,False,False,True,True,-0.0,False,False,False
4bf5fdce5f1a32ba2618fabe,deae2b535fbd00029b3f1305,0,NYN,1/20,19/20,-2.0,5.888877958332881,-5.8888779583328805,True,29,final_prompt,reliability_interchange,-1.25,-1.125,0.125,a36b8af3588263449b49626227600d75a3aaa8b1ac4a47b8e5eebf3a9a895848,False,native_bf16_gpu_with_cpu_weight_offload,low,False,False,True,True,-0.125,False,False,False
488fc59b80e9d7ab593e7470,c93173df329f56618b927feb,0,YNY,1/20,19/20,2.0,-5.888877958332881,5.8888779583328805,True,2,final_prompt,reliability_interchange,-0.5,-0.5,0.0,a36b8af3588263449b49626227600d75a3aaa8b1ac4a47b8e5eebf3a9a895848,False,native_bf16_gpu_with_cpu_weight_offload,low,True,True,False,False,0.0,False,False,False
488fc59b80e9d7ab593e7470,c93173df329f56618b927feb,0,YNY,1/20,19/20,2.0,-5.888877958332881,5.8888779583328805,True,31,final_prompt,reliability_interchange,-0.5,-0.5,0.0,a36b8af3588263449b49626227600d75a3aaa8b1ac4a47b8e5eebf3a9a895848,False,native_bf16_gpu_with_cpu_weight_offload,low,True,True,False,False,0.0,False,False,False
488fc59b80e9d7ab593e7470,c93173df329f56618b927feb,0,YNY,1/20,19/20,2.0,-5.888877958332881,5.8888779583328805,True,29,final_prompt,reliability_interchange,-0.5,-0.5,0.0,a36b8af3588263449b49626227600d75a3aaa8b1ac4a47b8e5eebf3a9a895848,False,native_bf16_gpu_with_cpu_weight_offload,low,True,True,False,False,0.0,False,False,False
deae2b535fbd00029b3f1305,4bf5fdce5f1a32ba2618fabe,0,NYN,19/20,1/20,-2.0,-5.8888779583328805,5.888877958332881,True,2,final_prompt,reliability_interchange,-1.125,-1.125,0.0,a36b8af3588263449b49626227600d75a3aaa8b1ac4a47b8e5eebf3a9a895848,False,native_bf16_gpu_with_cpu_weight_offload,high,True,True,False,False,0.0,False,False,False
deae2b535fbd00029b3f1305,4bf5fdce5f1a32ba2618fabe,0,NYN,19/20,1/20,-2.0,-5.8888779583328805,5.888877958332881,True,31,final_prompt,reliability_interchange,-1.125,-1.125,0.0,a36b8af3588263449b49626227600d75a3aaa8b1ac4a47b8e5eebf3a9a895848,False,native_bf16_gpu_with_cpu_weight_offload,high,True,True,False,False,0.0,False,False,False
deae2b535fbd00029b3f1305,4bf5fdce5f1a32ba2618fabe,0,NYN,19/20,1/20,-2.0,-5.8888779583328805,5.888877958332881,True,29,final_prompt,reliability_interchange,-1.125,-1.125,0.0,a36b8af3588263449b49626227600d75a3aaa8b1ac4a47b8e5eebf3a9a895848,False,native_bf16_gpu_with_cpu_weight_offload,high,True,True,False,False,0.0,False,False,False
c93173df329f56618b927feb,488fc59b80e9d7ab593e7470,0,YNY,19/20,1/20,2.0,5.8888779583328805,-5.888877958332881,True,2,final_prompt,reliability_interchange,0.125,0.125,0.0,a36b8af3588263449b49626227600d75a3aaa8b1ac4a47b8e5eebf3a9a895848,False,native_bf16_gpu_with_cpu_weight_offload,high,True,True,False,False,-0.0,False,False,False
c93173df329f56618b927feb,488fc59b80e9d7ab593e7470,0,YNY,19/20,1/20,2.0,5.8888779583328805,-5.888877958332881,True,31,final_prompt,reliability_interchange,0.125,0.125,0.0,a36b8af3588263449b49626227600d75a3aaa8b1ac4a47b8e5eebf3a9a895848,False,native_bf16_gpu_with_cpu_weight_offload,high,True,True,False,False,-0.0,False,False,False
c93173df329f56618b927feb,488fc59b80e9d7ab593e7470,0,YNY,19/20,1/20,2.0,5.8888779583328805,-5.888877958332881,True,29,final_prompt,reliability_interchange,0.125,0.25,0.125,a36b8af3588263449b49626227600d75a3aaa8b1ac4a47b8e5eebf3a9a895848,False,native_bf16_gpu_with_cpu_weight_offload,high,True,True,False,False,-0.125,False,False,False
9311f9f54a6e9cbd74086537,45ecaeeec9668bc21ef682db,0,NYN,1/4,3/4,-2.0,2.1972245773362196,-2.1972245773362196,True,2,final_prompt,reliability_interchange,-1.0,-1.0,0.0,a36b8af3588263449b49626227600d75a3aaa8b1ac4a47b8e5eebf3a9a895848,False,native_bf16_gpu_with_cpu_weight_offload,low,False,False,True,True,-0.0,False,False,False
9311f9f54a6e9cbd74086537,45ecaeeec9668bc21ef682db,0,NYN,1/4,3/4,-2.0,2.1972245773362196,-2.1972245773362196,True,31,final_prompt,reliability_interchange,-1.0,-1.0,0.0,a36b8af3588263449b49626227600d75a3aaa8b1ac4a47b8e5eebf3a9a895848,False,native_bf16_gpu_with_cpu_weight_offload,low,False,False,True,True,-0.0,False,False,False
9311f9f54a6e9cbd74086537,45ecaeeec9668bc21ef682db,0,NYN,1/4,3/4,-2.0,2.1972245773362196,-2.1972245773362196,True,29,final_prompt,reliability_interchange,-1.0,-1.125,-0.125,a36b8af3588263449b49626227600d75a3aaa8b1ac4a47b8e5eebf3a9a895848,False,native_bf16_gpu_with_cpu_weight_offload,low,False,False,True,True,0.125,False,False,False
1e81f8cb27858295de287347,3e67f2e318f4e07893e0fc12,0,YNY,1/4,3/4,2.0,-2.1972245773362196,2.1972245773362196,True,2,final_prompt,reliability_interchange,-0.375,-0.375,0.0,a36b8af3588263449b49626227600d75a3aaa8b1ac4a47b8e5eebf3a9a895848,False,native_bf16_gpu_with_cpu_weight_offload,low,True,True,False,False,0.0,False,False,False
1e81f8cb27858295de287347,3e67f2e318f4e07893e0fc12,0,YNY,1/4,3/4,2.0,-2.1972245773362196,2.1972245773362196,True,31,final_prompt,reliability_interchange,-0.375,-0.375,0.0,a36b8af3588263449b49626227600d75a3aaa8b1ac4a47b8e5eebf3a9a895848,False,native_bf16_gpu_with_cpu_weight_offload,low,True,True,False,False,0.0,False,False,False
1e81f8cb27858295de287347,3e67f2e318f4e07893e0fc12,0,YNY,1/4,3/4,2.0,-2.1972245773362196,2.1972245773362196,True,29,final_prompt,reliability_interchange,-0.375,-0.375,0.0,a36b8af3588263449b49626227600d75a3aaa8b1ac4a47b8e5eebf3a9a895848,False,native_bf16_gpu_with_cpu_weight_offload,low,True,True,False,False,0.0,False,False,False
45ecaeeec9668bc21ef682db,9311f9f54a6e9cbd74086537,0,NYN,3/4,1/4,-2.0,-2.1972245773362196,2.1972245773362196,True,2,final_prompt,reliability_interchange,-1.0,-0.875,0.125,a36b8af3588263449b49626227600d75a3aaa8b1ac4a47b8e5eebf3a9a895848,False,native_bf16_gpu_with_cpu_weight_offload,high,True,True,False,False,0.125,False,False,False
45ecaeeec9668bc21ef682db,9311f9f54a6e9cbd74086537,0,NYN,3/4,1/4,-2.0,-2.1972245773362196,2.1972245773362196,True,31,final_prompt,reliability_interchange,-1.0,-1.0,0.0,a36b8af3588263449b49626227600d75a3aaa8b1ac4a47b8e5eebf3a9a895848,False,native_bf16_gpu_with_cpu_weight_offload,high,True,True,False,False,0.0,False,False,False
45ecaeeec9668bc21ef682db,9311f9f54a6e9cbd74086537,0,NYN,3/4,1/4,-2.0,-2.1972245773362196,2.1972245773362196,True,29,final_prompt,reliability_interchange,-1.0,-1.0,0.0,a36b8af3588263449b49626227600d75a3aaa8b1ac4a47b8e5eebf3a9a895848,False,native_bf16_gpu_with_cpu_weight_offload,high,True,True,False,False,0.0,False,False,False
3e67f2e318f4e07893e0fc12,1e81f8cb27858295de287347,0,YNY,3/4,1/4,2.0,2.1972245773362196,-2.1972245773362196,True,2,final_prompt,reliability_interchange,0.125,0.125,0.0,a36b8af3588263449b49626227600d75a3aaa8b1ac4a47b8e5eebf3a9a895848,False,native_bf16_gpu_with_cpu_weight_offload,high,True,True,False,False,-0.0,False,False,False
3e67f2e318f4e07893e0fc12,1e81f8cb27858295de287347,0,YNY,3/4,1/4,2.0,2.1972245773362196,-2.1972245773362196,True,31,final_prompt,reliability_interchange,0.125,0.125,0.0,a36b8af3588263449b49626227600d75a3aaa8b1ac4a47b8e5eebf3a9a895848,False,native_bf16_gpu_with_cpu_weight_offload,high,True,True,False,False,-0.0,False,False,False
3e67f2e318f4e07893e0fc12,1e81f8cb27858295de287347,0,YNY,3/4,1/4,2.0,2.1972245773362196,-2.1972245773362196,True,29,final_prompt,reliability_interchange,0.125,0.25,0.125,a36b8af3588263449b49626227600d75a3aaa8b1ac4a47b8e5eebf3a9a895848,False,native_bf16_gpu_with_cpu_weight_offload,high,True,True,False,False,-0.125,False,False,False
328512ae916fce455fd2a196,ec1e112ff3dd2840469206ab,1,NNY,1/20,19/20,-1.0,2.9444389791664407,-2.9444389791664403,True,2,final_prompt,reliability_interchange,-0.375,-0.5,-0.125,a36b8af3588263449b49626227600d75a3aaa8b1ac4a47b8e5eebf3a9a895848,False,native_bf16_gpu_with_cpu_weight_offload,low,False,False,True,True,0.125,False,False,False
328512ae916fce455fd2a196,ec1e112ff3dd2840469206ab,1,NNY,1/20,19/20,-1.0,2.9444389791664407,-2.9444389791664403,True,31,final_prompt,reliability_interchange,-0.375,-0.375,0.0,a36b8af3588263449b49626227600d75a3aaa8b1ac4a47b8e5eebf3a9a895848,False,native_bf16_gpu_with_cpu_weight_offload,low,False,False,True,True,-0.0,False,False,False
328512ae916fce455fd2a196,ec1e112ff3dd2840469206ab,1,NNY,1/20,19/20,-1.0,2.9444389791664407,-2.9444389791664403,True,29,final_prompt,reliability_interchange,-0.375,-0.5,-0.125,a36b8af3588263449b49626227600d75a3aaa8b1ac4a47b8e5eebf3a9a895848,False,native_bf16_gpu_with_cpu_weight_offload,low,False,False,True,True,0.125,False,False,False
f6376686f6dc7a67f6cbd530,1ec9512b144d410f1fcc1104,1,YYN,1/20,19/20,1.0,-2.9444389791664407,2.9444389791664403,True,2,final_prompt,reliability_interchange,0.0,0.0,0.0,a36b8af3588263449b49626227600d75a3aaa8b1ac4a47b8e5eebf3a9a895848,False,native_bf16_gpu_with_cpu_weight_offload,low,False,False,False,False,0.0,False,False,False
f6376686f6dc7a67f6cbd530,1ec9512b144d410f1fcc1104,1,YYN,1/20,19/20,1.0,-2.9444389791664407,2.9444389791664403,True,31,final_prompt,reliability_interchange,0.0,0.0,0.0,a36b8af3588263449b49626227600d75a3aaa8b1ac4a47b8e5eebf3a9a895848,False,native_bf16_gpu_with_cpu_weight_offload,low,False,False,False,False,0.0,False,False,False
f6376686f6dc7a67f6cbd530,1ec9512b144d410f1fcc1104,1,YYN,1/20,19/20,1.0,-2.9444389791664407,2.9444389791664403,True,29,final_prompt,reliability_interchange,0.0,0.0,0.0,a36b8af3588263449b49626227600d75a3aaa8b1ac4a47b8e5eebf3a9a895848,False,native_bf16_gpu_with_cpu_weight_offload,low,False,False,False,False,0.0,False,False,False
ec1e112ff3dd2840469206ab,328512ae916fce455fd2a196,1,NNY,19/20,1/20,-1.0,-2.9444389791664403,2.9444389791664407,True,2,final_prompt,reliability_interchange,-0.375,-0.375,0.0,a36b8af3588263449b49626227600d75a3aaa8b1ac4a47b8e5eebf3a9a895848,False,native_bf16_gpu_with_cpu_weight_offload,high,True,True,False,False,0.0,False,False,False
ec1e112ff3dd2840469206ab,328512ae916fce455fd2a196,1,NNY,19/20,1/20,-1.0,-2.9444389791664403,2.9444389791664407,True,31,final_prompt,reliability_interchange,-0.375,-0.375,0.0,a36b8af3588263449b49626227600d75a3aaa8b1ac4a47b8e5eebf3a9a895848,False,native_bf16_gpu_with_cpu_weight_offload,high,True,True,False,False,0.0,False,False,False
ec1e112ff3dd2840469206ab,328512ae916fce455fd2a196,1,NNY,19/20,1/20,-1.0,-2.9444389791664403,2.9444389791664407,True,29,final_prompt,reliability_interchange,-0.375,-0.375,0.0,a36b8af3588263449b49626227600d75a3aaa8b1ac4a47b8e5eebf3a9a895848,False,native_bf16_gpu_with_cpu_weight_offload,high,True,True,False,False,0.0,False,False,False
1ec9512b144d410f1fcc1104,f6376686f6dc7a67f6cbd530,1,YYN,19/20,1/20,1.0,2.9444389791664403,-2.9444389791664407,True,2,final_prompt,reliability_interchange,0.625,0.625,0.0,a36b8af3588263449b49626227600d75a3aaa8b1ac4a47b8e5eebf3a9a895848,False,native_bf16_gpu_with_cpu_weight_offload,high,True,True,False,False,-0.0,False,False,False
1ec9512b144d410f1fcc1104,f6376686f6dc7a67f6cbd530,1,YYN,19/20,1/20,1.0,2.9444389791664403,-2.9444389791664407,True,31,final_prompt,reliability_interchange,0.625,0.625,0.0,a36b8af3588263449b49626227600d75a3aaa8b1ac4a47b8e5eebf3a9a895848,False,native_bf16_gpu_with_cpu_weight_offload,high,True,True,False,False,-0.0,False,False,False
1ec9512b144d410f1fcc1104,f6376686f6dc7a67f6cbd530,1,YYN,19/20,1/20,1.0,2.9444389791664403,-2.9444389791664407,True,29,final_prompt,reliability_interchange,0.625,0.625,0.0,a36b8af3588263449b49626227600d75a3aaa8b1ac4a47b8e5eebf3a9a895848,False,native_bf16_gpu_with_cpu_weight_offload,high,True,True,False,False,-0.0,False,False,False
22a22aaa63ad05532c9381d5,1959a1f938ecfd1eaa23ca38,1,NNY,1/4,3/4,-1.0,1.0986122886681098,-1.0986122886681098,True,2,final_prompt,reliability_interchange,-0.375,-0.5,-0.125,a36b8af3588263449b49626227600d75a3aaa8b1ac4a47b8e5eebf3a9a895848,False,native_bf16_gpu_with_cpu_weight_offload,low,False,False,True,True,0.125,False,False,False
22a22aaa63ad05532c9381d5,1959a1f938ecfd1eaa23ca38,1,NNY,1/4,3/4,-1.0,1.0986122886681098,-1.0986122886681098,True,31,final_prompt,reliability_interchange,-0.375,-0.375,0.0,a36b8af3588263449b49626227600d75a3aaa8b1ac4a47b8e5eebf3a9a895848,False,native_bf16_gpu_with_cpu_weight_offload,low,False,False,True,True,-0.0,False,False,False
22a22aaa63ad05532c9381d5,1959a1f938ecfd1eaa23ca38,1,NNY,1/4,3/4,-1.0,1.0986122886681098,-1.0986122886681098,True,29,final_prompt,reliability_interchange,-0.375,-0.375,0.0,a36b8af3588263449b49626227600d75a3aaa8b1ac4a47b8e5eebf3a9a895848,False,native_bf16_gpu_with_cpu_weight_offload,low,False,False,True,True,-0.0,False,False,False
2baf06033ea7abf8f49cd5fd,ee9182c0178e77eed30470ee,1,YYN,1/4,3/4,1.0,-1.0986122886681098,1.0986122886681098,True,2,final_prompt,reliability_interchange,0.0,0.0,0.0,a36b8af3588263449b49626227600d75a3aaa8b1ac4a47b8e5eebf3a9a895848,False,native_bf16_gpu_with_cpu_weight_offload,low,False,False,False,False,0.0,False,False,False
2baf06033ea7abf8f49cd5fd,ee9182c0178e77eed30470ee,1,YYN,1/4,3/4,1.0,-1.0986122886681098,1.0986122886681098,True,31,final_prompt,reliability_interchange,0.0,0.0,0.0,a36b8af3588263449b49626227600d75a3aaa8b1ac4a47b8e5eebf3a9a895848,False,native_bf16_gpu_with_cpu_weight_offload,low,False,False,False,False,0.0,False,False,False
2baf06033ea7abf8f49cd5fd,ee9182c0178e77eed30470ee,1,YYN,1/4,3/4,1.0,-1.0986122886681098,1.0986122886681098,True,29,final_prompt,reliability_interchange,0.0,0.0,0.0,a36b8af3588263449b49626227600d75a3aaa8b1ac4a47b8e5eebf3a9a895848,False,native_bf16_gpu_with_cpu_weight_offload,low,False,False,False,False,0.0,False,False,False
1959a1f938ecfd1eaa23ca38,22a22aaa63ad05532c9381d5,1,NNY,3/4,1/4,-1.0,-1.0986122886681098,1.0986122886681098,True,2,final_prompt,reliability_interchange,-0.25,-0.375,-0.125,a36b8af3588263449b49626227600d75a3aaa8b1ac4a47b8e5eebf3a9a895848,False,native_bf16_gpu_with_cpu_weight_offload,high,True,True,False,False,-0.125,False,False,False
1959a1f938ecfd1eaa23ca38,22a22aaa63ad05532c9381d5,1,NNY,3/4,1/4,-1.0,-1.0986122886681098,1.0986122886681098,True,31,final_prompt,reliability_interchange,-0.25,-0.25,0.0,a36b8af3588263449b49626227600d75a3aaa8b1ac4a47b8e5eebf3a9a895848,False,native_bf16_gpu_with_cpu_weight_offload,high,True,True,False,False,0.0,False,False,False
1959a1f938ecfd1eaa23ca38,22a22aaa63ad05532c9381d5,1,NNY,3/4,1/4,-1.0,-1.0986122886681098,1.0986122886681098,True,29,final_prompt,reliability_interchange,-0.25,-0.25,0.0,a36b8af3588263449b49626227600d75a3aaa8b1ac4a47b8e5eebf3a9a895848,False,native_bf16_gpu_with_cpu_weight_offload,high,True,True,False,False,0.0,False,False,False
ee9182c0178e77eed30470ee,2baf06033ea7abf8f49cd5fd,1,YYN,3/4,1/4,1.0,1.0986122886681098,-1.0986122886681098,True,2,final_prompt,reliability_interchange,0.375,0.5,0.125,a36b8af3588263449b49626227600d75a3aaa8b1ac4a47b8e5eebf3a9a895848,False,native_bf16_gpu_with_cpu_weight_offload,high,True,True,False,False,-0.125,False,False,False
ee9182c0178e77eed30470ee,2baf06033ea7abf8f49cd5fd,1,YYN,3/4,1/4,1.0,1.0986122886681098,-1.0986122886681098,True,31,final_prompt,reliability_interchange,0.375,0.375,0.0,a36b8af3588263449b49626227600d75a3aaa8b1ac4a47b8e5eebf3a9a895848,False,native_bf16_gpu_with_cpu_weight_offload,high,True,True,False,False,-0.0,False,False,False
ee9182c0178e77eed30470ee,2baf06033ea7abf8f49cd5fd,1,YYN,3/4,1/4,1.0,1.0986122886681098,-1.0986122886681098,True,29,final_prompt,reliability_interchange,0.375,0.375,0.0,a36b8af3588263449b49626227600d75a3aaa8b1ac4a47b8e5eebf3a9a895848,False,native_bf16_gpu_with_cpu_weight_offload,high,True,True,False,False,-0.0,False,False,False
c24b5f29892d1ccf8422f763,d8c0b14cce2abe04c17d0eb0,2,NYY,1/20,19/20,0.0,-0.0,0.0,False,2,final_prompt,reliability_interchange,-0.5,-0.5,0.0,a36b8af3588263449b49626227600d75a3aaa8b1ac4a47b8e5eebf3a9a895848,False,native_bf16_gpu_with_cpu_weight_offload,low,False,False,False,False,0.0,False,False,False
c24b5f29892d1ccf8422f763,d8c0b14cce2abe04c17d0eb0,2,NYY,1/20,19/20,0.0,-0.0,0.0,False,31,final_prompt,reliability_interchange,-0.5,-0.5,0.0,a36b8af3588263449b49626227600d75a3aaa8b1ac4a47b8e5eebf3a9a895848,False,native_bf16_gpu_with_cpu_weight_offload,low,False,False,False,False,0.0,False,False,False
c24b5f29892d1ccf8422f763,d8c0b14cce2abe04c17d0eb0,2,NYY,1/20,19/20,0.0,-0.0,0.0,False,29,final_prompt,reliability_interchange,-0.5,-0.5,0.0,a36b8af3588263449b49626227600d75a3aaa8b1ac4a47b8e5eebf3a9a895848,False,native_bf16_gpu_with_cpu_weight_offload,low,False,False,False,False,0.0,False,False,False
5ae9686b2322cc014d0e8632,b638938c379f587087be5305,2,YNN,1/20,19/20,0.0,-0.0,0.0,False,2,final_prompt,reliability_interchange,-0.375,-0.5,-0.125,a36b8af3588263449b49626227600d75a3aaa8b1ac4a47b8e5eebf3a9a895848,False,native_bf16_gpu_with_cpu_weight_offload,low,False,False,False,False,-0.0,False,False,False
5ae9686b2322cc014d0e8632,b638938c379f587087be5305,2,YNN,1/20,19/20,0.0,-0.0,0.0,False,31,final_prompt,reliability_interchange,-0.375,-0.375,0.0,a36b8af3588263449b49626227600d75a3aaa8b1ac4a47b8e5eebf3a9a895848,False,native_bf16_gpu_with_cpu_weight_offload,low,False,False,False,False,0.0,False,False,False
5ae9686b2322cc014d0e8632,b638938c379f587087be5305,2,YNN,1/20,19/20,0.0,-0.0,0.0,False,29,final_prompt,reliability_interchange,-0.375,-0.5,-0.125,a36b8af3588263449b49626227600d75a3aaa8b1ac4a47b8e5eebf3a9a895848,False,native_bf16_gpu_with_cpu_weight_offload,low,False,False,False,False,-0.0,False,False,False
d8c0b14cce2abe04c17d0eb0,c24b5f29892d1ccf8422f763,2,NYY,19/20,1/20,0.0,0.0,-0.0,False,2,final_prompt,reliability_interchange,-0.25,-0.375,-0.125,a36b8af3588263449b49626227600d75a3aaa8b1ac4a47b8e5eebf3a9a895848,False,native_bf16_gpu_with_cpu_weight_offload,high,False,False,False,False,-0.0,False,False,False
d8c0b14cce2abe04c17d0eb0,c24b5f29892d1ccf8422f763,2,NYY,19/20,1/20,0.0,0.0,-0.0,False,31,final_prompt,reliability_interchange,-0.25,-0.25,0.0,a36b8af3588263449b49626227600d75a3aaa8b1ac4a47b8e5eebf3a9a895848,False,native_bf16_gpu_with_cpu_weight_offload,high,False,False,False,False,0.0,False,False,False
d8c0b14cce2abe04c17d0eb0,c24b5f29892d1ccf8422f763,2,NYY,19/20,1/20,0.0,0.0,-0.0,False,29,final_prompt,reliability_interchange,-0.25,-0.25,0.0,a36b8af3588263449b49626227600d75a3aaa8b1ac4a47b8e5eebf3a9a895848,False,native_bf16_gpu_with_cpu_weight_offload,high,False,False,False,False,0.0,False,False,False
b638938c379f587087be5305,5ae9686b2322cc014d0e8632,2,YNN,19/20,1/20,0.0,0.0,-0.0,False,2,final_prompt,reliability_interchange,-0.125,-0.25,-0.125,a36b8af3588263449b49626227600d75a3aaa8b1ac4a47b8e5eebf3a9a895848,False,native_bf16_gpu_with_cpu_weight_offload,high,False,False,False,False,-0.0,False,False,False
b638938c379f587087be5305,5ae9686b2322cc014d0e8632,2,YNN,19/20,1/20,0.0,0.0,-0.0,False,31,final_prompt,reliability_interchange,-0.125,-0.125,0.0,a36b8af3588263449b49626227600d75a3aaa8b1ac4a47b8e5eebf3a9a895848,False,native_bf16_gpu_with_cpu_weight_offload,high,False,False,False,False,0.0,False,False,False
b638938c379f587087be5305,5ae9686b2322cc014d0e8632,2,YNN,19/20,1/20,0.0,0.0,-0.0,False,29,final_prompt,reliability_interchange,-0.125,-0.125,0.0,a36b8af3588263449b49626227600d75a3aaa8b1ac4a47b8e5eebf3a9a895848,False,native_bf16_gpu_with_cpu_weight_offload,high,False,False,False,False,0.0,False,False,False
5dec2e61953991e15290b57d,e244046f4f752b5a5625f7f5,2,NYY,1/4,3/4,0.0,-0.0,0.0,False,2,final_prompt,reliability_interchange,-0.375,-0.375,0.0,a36b8af3588263449b49626227600d75a3aaa8b1ac4a47b8e5eebf3a9a895848,False,native_bf16_gpu_with_cpu_weight_offload,low,False,False,False,False,0.0,False,False,False
5dec2e61953991e15290b57d,e244046f4f752b5a5625f7f5,2,NYY,1/4,3/4,0.0,-0.0,0.0,False,31,final_prompt,reliability_interchange,-0.375,-0.375,0.0,a36b8af3588263449b49626227600d75a3aaa8b1ac4a47b8e5eebf3a9a895848,False,native_bf16_gpu_with_cpu_weight_offload,low,False,False,False,False,0.0,False,False,False
5dec2e61953991e15290b57d,e244046f4f752b5a5625f7f5,2,NYY,1/4,3/4,0.0,-0.0,0.0,False,29,final_prompt,reliability_interchange,-0.375,-0.375,0.0,a36b8af3588263449b49626227600d75a3aaa8b1ac4a47b8e5eebf3a9a895848,False,native_bf16_gpu_with_cpu_weight_offload,low,False,False,False,False,0.0,False,False,False
8d4aeaf899c845d063b8a189,eac8dc699716d69f5086b93c,2,YNN,1/4,3/4,0.0,-0.0,0.0,False,2,final_prompt,reliability_interchange,-0.375,-0.5,-0.125,a36b8af3588263449b49626227600d75a3aaa8b1ac4a47b8e5eebf3a9a895848,False,native_bf16_gpu_with_cpu_weight_offload,low,False,False,False,False,-0.0,False,False,False
8d4aeaf899c845d063b8a189,eac8dc699716d69f5086b93c,2,YNN,1/4,3/4,0.0,-0.0,0.0,False,31,final_prompt,reliability_interchange,-0.375,-0.375,0.0,a36b8af3588263449b49626227600d75a3aaa8b1ac4a47b8e5eebf3a9a895848,False,native_bf16_gpu_with_cpu_weight_offload,low,False,False,False,False,0.0,False,False,False
8d4aeaf899c845d063b8a189,eac8dc699716d69f5086b93c,2,YNN,1/4,3/4,0.0,-0.0,0.0,False,29,final_prompt,reliability_interchange,-0.375,-0.375,0.0,a36b8af3588263449b49626227600d75a3aaa8b1ac4a47b8e5eebf3a9a895848,False,native_bf16_gpu_with_cpu_weight_offload,low,False,False,False,False,0.0,False,False,False
e244046f4f752b5a5625f7f5,5dec2e61953991e15290b57d,2,NYY,3/4,1/4,0.0,0.0,-0.0,False,2,final_prompt,reliability_interchange,-0.25,-0.25,0.0,a36b8af3588263449b49626227600d75a3aaa8b1ac4a47b8e5eebf3a9a895848,False,native_bf16_gpu_with_cpu_weight_offload,high,False,False,False,False,0.0,False,False,False
e244046f4f752b5a5625f7f5,5dec2e61953991e15290b57d,2,NYY,3/4,1/4,0.0,0.0,-0.0,False,31,final_prompt,reliability_interchange,-0.25,-0.25,0.0,a36b8af3588263449b49626227600d75a3aaa8b1ac4a47b8e5eebf3a9a895848,False,native_bf16_gpu_with_cpu_weight_offload,high,False,False,False,False,0.0,False,False,False
e244046f4f752b5a5625f7f5,5dec2e61953991e15290b57d,2,NYY,3/4,1/4,0.0,0.0,-0.0,False,29,final_prompt,reliability_interchange,-0.25,-0.25,0.0,a36b8af3588263449b49626227600d75a3aaa8b1ac4a47b8e5eebf3a9a895848,False,native_bf16_gpu_with_cpu_weight_offload,high,False,False,False,False,0.0,False,False,False
eac8dc699716d69f5086b93c,8d4aeaf899c845d063b8a189,2,YNN,3/4,1/4,0.0,0.0,-0.0,False,2,final_prompt,reliability_interchange,-0.25,-0.25,0.0,a36b8af3588263449b49626227600d75a3aaa8b1ac4a47b8e5eebf3a9a895848,False,native_bf16_gpu_with_cpu_weight_offload,high,False,False,False,False,0.0,False,False,False
eac8dc699716d69f5086b93c,8d4aeaf899c845d063b8a189,2,YNN,3/4,1/4,0.0,0.0,-0.0,False,31,final_prompt,reliability_interchange,-0.25,-0.25,0.0,a36b8af3588263449b49626227600d75a3aaa8b1ac4a47b8e5eebf3a9a895848,False,native_bf16_gpu_with_cpu_weight_offload,high,False,False,False,False,0.0,False,False,False
eac8dc699716d69f5086b93c,8d4aeaf899c845d063b8a189,2,YNN,3/4,1/4,0.0,0.0,-0.0,False,29,final_prompt,reliability_interchange,-0.25,-0.25,0.0,a36b8af3588263449b49626227600d75a3aaa8b1ac4a47b8e5eebf3a9a895848,False,native_bf16_gpu_with_cpu_weight_offload,high,False,False,False,False,0.0,False,False,False
bfb5c79b1bee5317106f707a,57bf8cc514f3b92d8f46610c,3,NYN,1/20,19/20,-2.0,5.888877958332881,-5.8888779583328805,True,2,final_prompt,reliability_interchange,-0.375,-0.375,0.0,a36b8af3588263449b49626227600d75a3aaa8b1ac4a47b8e5eebf3a9a895848,False,native_bf16_gpu_with_cpu_weight_offload,low,False,False,True,True,-0.0,False,False,False
bfb5c79b1bee5317106f707a,57bf8cc514f3b92d8f46610c,3,NYN,1/20,19/20,-2.0,5.888877958332881,-5.8888779583328805,True,31,final_prompt,reliability_interchange,-0.375,-0.375,0.0,a36b8af3588263449b49626227600d75a3aaa8b1ac4a47b8e5eebf3a9a895848,False,native_bf16_gpu_with_cpu_weight_offload,low,False,False,True,True,-0.0,False,False,False
bfb5c79b1bee5317106f707a,57bf8cc514f3b92d8f46610c,3,NYN,1/20,19/20,-2.0,5.888877958332881,-5.8888779583328805,True,29,final_prompt,reliability_interchange,-0.375,-0.375,0.0,a36b8af3588263449b49626227600d75a3aaa8b1ac4a47b8e5eebf3a9a895848,False,native_bf16_gpu_with_cpu_weight_offload,low,False,False,True,True,-0.0,False,False,False
0ff72b047691745774c51423,a4ddccda0e36364bb62a15d2,3,YNY,1/20,19/20,2.0,-5.888877958332881,5.8888779583328805,True,2,final_prompt,reliability_interchange,-0.375,-0.5,-0.125,a36b8af3588263449b49626227600d75a3aaa8b1ac4a47b8e5eebf3a9a895848,False,native_bf16_gpu_with_cpu_weight_offload,low,True,True,False,False,-0.125,False,False,False
0ff72b047691745774c51423,a4ddccda0e36364bb62a15d2,3,YNY,1/20,19/20,2.0,-5.888877958332881,5.8888779583328805,True,31,final_prompt,reliability_interchange,-0.375,-0.375,0.0,a36b8af3588263449b49626227600d75a3aaa8b1ac4a47b8e5eebf3a9a895848,False,native_bf16_gpu_with_cpu_weight_offload,low,True,True,False,False,0.0,False,False,False
0ff72b047691745774c51423,a4ddccda0e36364bb62a15d2,3,YNY,1/20,19/20,2.0,-5.888877958332881,5.8888779583328805,True,29,final_prompt,reliability_interchange,-0.375,-0.375,0.0,a36b8af3588263449b49626227600d75a3aaa8b1ac4a47b8e5eebf3a9a895848,False,native_bf16_gpu_with_cpu_weight_offload,low,True,True,False,False,0.0,False,False,False
57bf8cc514f3b92d8f46610c,bfb5c79b1bee5317106f707a,3,NYN,19/20,1/20,-2.0,-5.8888779583328805,5.888877958332881,True,2,final_prompt,reliability_interchange,-0.125,-0.125,0.0,a36b8af3588263449b49626227600d75a3aaa8b1ac4a47b8e5eebf3a9a895848,False,native_bf16_gpu_with_cpu_weight_offload,high,True,True,False,False,0.0,False,False,False
57bf8cc514f3b92d8f46610c,bfb5c79b1bee5317106f707a,3,NYN,19/20,1/20,-2.0,-5.8888779583328805,5.888877958332881,True,31,final_prompt,reliability_interchange,-0.125,-0.125,0.0,a36b8af3588263449b49626227600d75a3aaa8b1ac4a47b8e5eebf3a9a895848,False,native_bf16_gpu_with_cpu_weight_offload,high,True,True,False,False,0.0,False,False,False
57bf8cc514f3b92d8f46610c,bfb5c79b1bee5317106f707a,3,NYN,19/20,1/20,-2.0,-5.8888779583328805,5.888877958332881,True,29,final_prompt,reliability_interchange,-0.125,-0.125,0.0,a36b8af3588263449b49626227600d75a3aaa8b1ac4a47b8e5eebf3a9a895848,False,native_bf16_gpu_with_cpu_weight_offload,high,True,True,False,False,0.0,False,False,False
a4ddccda0e36364bb62a15d2,0ff72b047691745774c51423,3,YNY,19/20,1/20,2.0,5.8888779583328805,-5.888877958332881,True,2,final_prompt,reliability_interchange,0.0,0.0,0.0,a36b8af3588263449b49626227600d75a3aaa8b1ac4a47b8e5eebf3a9a895848,False,native_bf16_gpu_with_cpu_weight_offload,high,False,False,False,False,-0.0,False,False,False
a4ddccda0e36364bb62a15d2,0ff72b047691745774c51423,3,YNY,19/20,1/20,2.0,5.8888779583328805,-5.888877958332881,True,31,final_prompt,reliability_interchange,0.0,0.0,0.0,a36b8af3588263449b49626227600d75a3aaa8b1ac4a47b8e5eebf3a9a895848,False,native_bf16_gpu_with_cpu_weight_offload,high,False,False,False,False,-0.0,False,False,False
a4ddccda0e36364bb62a15d2,0ff72b047691745774c51423,3,YNY,19/20,1/20,2.0,5.8888779583328805,-5.888877958332881,True,29,final_prompt,reliability_interchange,0.0,0.0,0.0,a36b8af3588263449b49626227600d75a3aaa8b1ac4a47b8e5eebf3a9a895848,False,native_bf16_gpu_with_cpu_weight_offload,high,False,False,False,False,-0.0,False,False,False
73e4c94e4d622c02cc6f28d1,9bcb3d9cf8508e7eae528b44,3,NYN,1/4,3/4,-2.0,2.1972245773362196,-2.1972245773362196,True,2,final_prompt,reliability_interchange,-0.375,-0.375,0.0,a36b8af3588263449b49626227600d75a3aaa8b1ac4a47b8e5eebf3a9a895848,False,native_bf16_gpu_with_cpu_weight_offload,low,False,False,True,True,-0.0,False,False,False
73e4c94e4d622c02cc6f28d1,9bcb3d9cf8508e7eae528b44,3,NYN,1/4,3/4,-2.0,2.1972245773362196,-2.1972245773362196,True,31,final_prompt,reliability_interchange,-0.375,-0.375,0.0,a36b8af3588263449b49626227600d75a3aaa8b1ac4a47b8e5eebf3a9a895848,False,native_bf16_gpu_with_cpu_weight_offload,low,False,False,True,True,-0.0,False,False,False
73e4c94e4d622c02cc6f28d1,9bcb3d9cf8508e7eae528b44,3,NYN,1/4,3/4,-2.0,2.1972245773362196,-2.1972245773362196,True,29,final_prompt,reliability_interchange,-0.375,-0.375,0.0,a36b8af3588263449b49626227600d75a3aaa8b1ac4a47b8e5eebf3a9a895848,False,native_bf16_gpu_with_cpu_weight_offload,low,False,False,True,True,-0.0,False,False,False
452fdb3e9010a8bd32406f7f,bf7cdff397478f983724d33b,3,YNY,1/4,3/4,2.0,-2.1972245773362196,2.1972245773362196,True,2,final_prompt,reliability_interchange,-0.5,-0.5,0.0,a36b8af3588263449b49626227600d75a3aaa8b1ac4a47b8e5eebf3a9a895848,False,native_bf16_gpu_with_cpu_weight_offload,low,True,True,False,False,0.0,False,False,False
452fdb3e9010a8bd32406f7f,bf7cdff397478f983724d33b,3,YNY,1/4,3/4,2.0,-2.1972245773362196,2.1972245773362196,True,31,final_prompt,reliability_interchange,-0.5,-0.5,0.0,a36b8af3588263449b49626227600d75a3aaa8b1ac4a47b8e5eebf3a9a895848,False,native_bf16_gpu_with_cpu_weight_offload,low,True,True,False,False,0.0,False,False,False
452fdb3e9010a8bd32406f7f,bf7cdff397478f983724d33b,3,YNY,1/4,3/4,2.0,-2.1972245773362196,2.1972245773362196,True,29,final_prompt,reliability_interchange,-0.5,-0.5,0.0,a36b8af3588263449b49626227600d75a3aaa8b1ac4a47b8e5eebf3a9a895848,False,native_bf16_gpu_with_cpu_weight_offload,low,True,True,False,False,0.0,False,False,False
9bcb3d9cf8508e7eae528b44,73e4c94e4d622c02cc6f28d1,3,NYN,3/4,1/4,-2.0,-2.1972245773362196,2.1972245773362196,True,2,final_prompt,reliability_interchange,-0.125,-0.125,0.0,a36b8af3588263449b49626227600d75a3aaa8b1ac4a47b8e5eebf3a9a895848,False,native_bf16_gpu_with_cpu_weight_offload,high,True,True,False,False,0.0,False,False,False
9bcb3d9cf8508e7eae528b44,73e4c94e4d622c02cc6f28d1,3,NYN,3/4,1/4,-2.0,-2.1972245773362196,2.1972245773362196,True,31,final_prompt,reliability_interchange,-0.125,-0.125,0.0,a36b8af3588263449b49626227600d75a3aaa8b1ac4a47b8e5eebf3a9a895848,False,native_bf16_gpu_with_cpu_weight_offload,high,True,True,False,False,0.0,False,False,False
9bcb3d9cf8508e7eae528b44,73e4c94e4d622c02cc6f28d1,3,NYN,3/4,1/4,-2.0,-2.1972245773362196,2.1972245773362196,True,29,final_prompt,reliability_interchange,-0.125,-0.125,0.0,a36b8af3588263449b49626227600d75a3aaa8b1ac4a47b8e5eebf3a9a895848,False,native_bf16_gpu_with_cpu_weight_offload,high,True,True,False,False,0.0,False,False,False
bf7cdff397478f983724d33b,452fdb3e9010a8bd32406f7f,3,YNY,3/4,1/4,2.0,2.1972245773362196,-2.1972245773362196,True,2,final_prompt,reliability_interchange,-0.125,-0.25,-0.125,a36b8af3588263449b49626227600d75a3aaa8b1ac4a47b8e5eebf3a9a895848,False,native_bf16_gpu_with_cpu_weight_offload,high,False,False,True,True,0.125,False,False,False
bf7cdff397478f983724d33b,452fdb3e9010a8bd32406f7f,3,YNY,3/4,1/4,2.0,2.1972245773362196,-2.1972245773362196,True,31,final_prompt,reliability_interchange,-0.125,-0.125,0.0,a36b8af3588263449b49626227600d75a3aaa8b1ac4a47b8e5eebf3a9a895848,False,native_bf16_gpu_with_cpu_weight_offload,high,False,False,True,True,-0.0,False,False,False
bf7cdff397478f983724d33b,452fdb3e9010a8bd32406f7f,3,YNY,3/4,1/4,2.0,2.1972245773362196,-2.1972245773362196,True,29,final_prompt,reliability_interchange,-0.125,-0.125,0.0,a36b8af3588263449b49626227600d75a3aaa8b1ac4a47b8e5eebf3a9a895848,False,native_bf16_gpu_with_cpu_weight_offload,high,False,False,True,True,-0.0,False,False,False
8e4304eb5365ba9aede0f654,ba411c070cc4a4158f58db22,4,NYN,1/20,19/20,-2.0,5.888877958332881,-5.8888779583328805,True,2,final_prompt,reliability_interchange,-0.625,-0.5,0.125,a36b8af3588263449b49626227600d75a3aaa8b1ac4a47b8e5eebf3a9a895848,False,native_bf16_gpu_with_cpu_weight_offload,low,False,False,True,True,-0.125,False,False,False
8e4304eb5365ba9aede0f654,ba411c070cc4a4158f58db22,4,NYN,1/20,19/20,-2.0,5.888877958332881,-5.8888779583328805,True,31,final_prompt,reliability_interchange,-0.625,-0.625,0.0,a36b8af3588263449b49626227600d75a3aaa8b1ac4a47b8e5eebf3a9a895848,False,native_bf16_gpu_with_cpu_weight_offload,low,False,False,True,True,-0.0,False,False,False
8e4304eb5365ba9aede0f654,ba411c070cc4a4158f58db22,4,NYN,1/20,19/20,-2.0,5.888877958332881,-5.8888779583328805,True,29,final_prompt,reliability_interchange,-0.625,-0.5,0.125,a36b8af3588263449b49626227600d75a3aaa8b1ac4a47b8e5eebf3a9a895848,False,native_bf16_gpu_with_cpu_weight_offload,low,False,False,True,True,-0.125,False,False,False
72c3186e597a179ead4dd104,47e0f54ecb2f9a5d53bb6dae,4,YNY,1/20,19/20,2.0,-5.888877958332881,5.8888779583328805,True,2,final_prompt,reliability_interchange,0.125,0.125,0.0,a36b8af3588263449b49626227600d75a3aaa8b1ac4a47b8e5eebf3a9a895848,False,native_bf16_gpu_with_cpu_weight_offload,low,False,False,True,True,0.0,False,False,False
72c3186e597a179ead4dd104,47e0f54ecb2f9a5d53bb6dae,4,YNY,1/20,19/20,2.0,-5.888877958332881,5.8888779583328805,True,31,final_prompt,reliability_interchange,0.125,0.125,0.0,a36b8af3588263449b49626227600d75a3aaa8b1ac4a47b8e5eebf3a9a895848,False,native_bf16_gpu_with_cpu_weight_offload,low,False,False,True,True,0.0,False,False,False
72c3186e597a179ead4dd104,47e0f54ecb2f9a5d53bb6dae,4,YNY,1/20,19/20,2.0,-5.888877958332881,5.8888779583328805,True,29,final_prompt,reliability_interchange,0.125,0.125,0.0,a36b8af3588263449b49626227600d75a3aaa8b1ac4a47b8e5eebf3a9a895848,False,native_bf16_gpu_with_cpu_weight_offload,low,False,False,True,True,0.0,False,False,False
ba411c070cc4a4158f58db22,8e4304eb5365ba9aede0f654,4,NYN,19/20,1/20,-2.0,-5.8888779583328805,5.888877958332881,True,2,final_prompt,reliability_interchange,-0.5,-0.5,0.0,a36b8af3588263449b49626227600d75a3aaa8b1ac4a47b8e5eebf3a9a895848,False,native_bf16_gpu_with_cpu_weight_offload,high,True,True,False,False,0.0,False,False,False
ba411c070cc4a4158f58db22,8e4304eb5365ba9aede0f654,4,NYN,19/20,1/20,-2.0,-5.8888779583328805,5.888877958332881,True,31,final_prompt,reliability_interchange,-0.5,-0.5,0.0,a36b8af3588263449b49626227600d75a3aaa8b1ac4a47b8e5eebf3a9a895848,False,native_bf16_gpu_with_cpu_weight_offload,high,True,True,False,False,0.0,False,False,False
ba411c070cc4a4158f58db22,8e4304eb5365ba9aede0f654,4,NYN,19/20,1/20,-2.0,-5.8888779583328805,5.888877958332881,True,29,final_prompt,reliability_interchange,-0.5,-0.5,0.0,a36b8af3588263449b49626227600d75a3aaa8b1ac4a47b8e5eebf3a9a895848,False,native_bf16_gpu_with_cpu_weight_offload,high,True,True,False,False,0.0,False,False,False
47e0f54ecb2f9a5d53bb6dae,72c3186e597a179ead4dd104,4,YNY,19/20,1/20,2.0,5.8888779583328805,-5.888877958332881,True,2,final_prompt,reliability_interchange,0.875,1.0,0.125,a36b8af3588263449b49626227600d75a3aaa8b1ac4a47b8e5eebf3a9a895848,False,native_bf16_gpu_with_cpu_weight_offload,high,True,True,False,False,-0.125,False,False,False
47e0f54ecb2f9a5d53bb6dae,72c3186e597a179ead4dd104,4,YNY,19/20,1/20,2.0,5.8888779583328805,-5.888877958332881,True,31,final_prompt,reliability_interchange,0.875,0.875,0.0,a36b8af3588263449b49626227600d75a3aaa8b1ac4a47b8e5eebf3a9a895848,False,native_bf16_gpu_with_cpu_weight_offload,high,True,True,False,False,-0.0,False,False,False
47e0f54ecb2f9a5d53bb6dae,72c3186e597a179ead4dd104,4,YNY,19/20,1/20,2.0,5.8888779583328805,-5.888877958332881,True,29,final_prompt,reliability_interchange,0.875,0.875,0.0,a36b8af3588263449b49626227600d75a3aaa8b1ac4a47b8e5eebf3a9a895848,False,native_bf16_gpu_with_cpu_weight_offload,high,True,True,False,False,-0.0,False,False,False
ffb59b7128d58d5a2daee06c,34e3af1ff0014acd4a3e1613,4,NYN,1/4,3/4,-2.0,2.1972245773362196,-2.1972245773362196,True,2,final_prompt,reliability_interchange,-0.5,-0.375,0.125,a36b8af3588263449b49626227600d75a3aaa8b1ac4a47b8e5eebf3a9a895848,False,native_bf16_gpu_with_cpu_weight_offload,low,False,False,True,True,-0.125,False,False,False
ffb59b7128d58d5a2daee06c,34e3af1ff0014acd4a3e1613,4,NYN,1/4,3/4,-2.0,2.1972245773362196,-2.1972245773362196,True,31,final_prompt,reliability_interchange,-0.5,-0.5,0.0,a36b8af3588263449b49626227600d75a3aaa8b1ac4a47b8e5eebf3a9a895848,False,native_bf16_gpu_with_cpu_weight_offload,low,False,False,True,True,-0.0,False,False,False
ffb59b7128d58d5a2daee06c,34e3af1ff0014acd4a3e1613,4,NYN,1/4,3/4,-2.0,2.1972245773362196,-2.1972245773362196,True,29,final_prompt,reliability_interchange,-0.5,-0.375,0.125,a36b8af3588263449b49626227600d75a3aaa8b1ac4a47b8e5eebf3a9a895848,False,native_bf16_gpu_with_cpu_weight_offload,low,False,False,True,True,-0.125,False,False,False
ace4383f6642fe3ee39e39d0,3a234f529097dd9d3c03ecc8,4,YNY,1/4,3/4,2.0,-2.1972245773362196,2.1972245773362196,True,2,final_prompt,reliability_interchange,0.125,0.125,0.0,a36b8af3588263449b49626227600d75a3aaa8b1ac4a47b8e5eebf3a9a895848,False,native_bf16_gpu_with_cpu_weight_offload,low,False,False,True,True,0.0,False,False,False
ace4383f6642fe3ee39e39d0,3a234f529097dd9d3c03ecc8,4,YNY,1/4,3/4,2.0,-2.1972245773362196,2.1972245773362196,True,31,final_prompt,reliability_interchange,0.125,0.125,0.0,a36b8af3588263449b49626227600d75a3aaa8b1ac4a47b8e5eebf3a9a895848,False,native_bf16_gpu_with_cpu_weight_offload,low,False,False,True,True,0.0,False,False,False
ace4383f6642fe3ee39e39d0,3a234f529097dd9d3c03ecc8,4,YNY,1/4,3/4,2.0,-2.1972245773362196,2.1972245773362196,True,29,final_prompt,reliability_interchange,0.125,0.125,0.0,a36b8af3588263449b49626227600d75a3aaa8b1ac4a47b8e5eebf3a9a895848,False,native_bf16_gpu_with_cpu_weight_offload,low,False,False,True,True,0.0,False,False,False
34e3af1ff0014acd4a3e1613,ffb59b7128d58d5a2daee06c,4,NYN,3/4,1/4,-2.0,-2.1972245773362196,2.1972245773362196,True,2,final_prompt,reliability_interchange,-0.25,-0.375,-0.125,a36b8af3588263449b49626227600d75a3aaa8b1ac4a47b8e5eebf3a9a895848,False,native_bf16_gpu_with_cpu_weight_offload,high,True,True,False,False,-0.125,False,False,False
34e3af1ff0014acd4a3e1613,ffb59b7128d58d5a2daee06c,4,NYN,3/4,1/4,-2.0,-2.1972245773362196,2.1972245773362196,True,31,final_prompt,reliability_interchange,-0.25,-0.25,0.0,a36b8af3588263449b49626227600d75a3aaa8b1ac4a47b8e5eebf3a9a895848,False,native_bf16_gpu_with_cpu_weight_offload,high,True,True,False,False,0.0,False,False,False
34e3af1ff0014acd4a3e1613,ffb59b7128d58d5a2daee06c,4,NYN,3/4,1/4,-2.0,-2.1972245773362196,2.1972245773362196,True,29,final_prompt,reliability_interchange,-0.25,-0.25,0.0,a36b8af3588263449b49626227600d75a3aaa8b1ac4a47b8e5eebf3a9a895848,False,native_bf16_gpu_with_cpu_weight_offload,high,True,True,False,False,0.0,False,False,False
3a234f529097dd9d3c03ecc8,ace4383f6642fe3ee39e39d0,4,YNY,3/4,1/4,2.0,2.1972245773362196,-2.1972245773362196,True,2,final_prompt,reliability_interchange,0.75,0.75,0.0,a36b8af3588263449b49626227600d75a3aaa8b1ac4a47b8e5eebf3a9a895848,False,native_bf16_gpu_with_cpu_weight_offload,high,True,True,False,False,-0.0,False,False,False
3a234f529097dd9d3c03ecc8,ace4383f6642fe3ee39e39d0,4,YNY,3/4,1/4,2.0,2.1972245773362196,-2.1972245773362196,True,31,final_prompt,reliability_interchange,0.75,0.75,0.0,a36b8af3588263449b49626227600d75a3aaa8b1ac4a47b8e5eebf3a9a895848,False,native_bf16_gpu_with_cpu_weight_offload,high,True,True,False,False,-0.0,False,False,False
3a234f529097dd9d3c03ecc8,ace4383f6642fe3ee39e39d0,4,YNY,3/4,1/4,2.0,2.1972245773362196,-2.1972245773362196,True,29,final_prompt,reliability_interchange,0.75,0.75,0.0,a36b8af3588263449b49626227600d75a3aaa8b1ac4a47b8e5eebf3a9a895848,False,native_bf16_gpu_with_cpu_weight_offload,high,True,True,False,False,-0.0,False,False,False
28543c4735035178196382f6,b6cc3198e676991b349250ca,6,YYY,1/20,19/20,-3.0,8.833316937499323,-8.83331693749932,True,2,final_prompt,reliability_interchange,-1.125,-1.125,0.0,a36b8af3588263449b49626227600d75a3aaa8b1ac4a47b8e5eebf3a9a895848,False,native_bf16_gpu_with_cpu_weight_offload,low,False,False,True,True,-0.0,False,False,False
28543c4735035178196382f6,b6cc3198e676991b349250ca,6,YYY,1/20,19/20,-3.0,8.833316937499323,-8.83331693749932,True,31,final_prompt,reliability_interchange,-1.125,-1.125,0.0,a36b8af3588263449b49626227600d75a3aaa8b1ac4a47b8e5eebf3a9a895848,False,native_bf16_gpu_with_cpu_weight_offload,low,False,False,True,True,-0.0,False,False,False
28543c4735035178196382f6,b6cc3198e676991b349250ca,6,YYY,1/20,19/20,-3.0,8.833316937499323,-8.83331693749932,True,29,final_prompt,reliability_interchange,-1.125,-1.125,0.0,a36b8af3588263449b49626227600d75a3aaa8b1ac4a47b8e5eebf3a9a895848,False,native_bf16_gpu_with_cpu_weight_offload,low,False,False,True,True,-0.0,False,False,False
ae107a48f002253e63637b64,7bc8cc64de85952a9a8b84ea,6,NNN,1/20,19/20,3.0,-8.833316937499323,8.83331693749932,True,2,final_prompt,reliability_interchange,2.0,2.0,0.0,a36b8af3588263449b49626227600d75a3aaa8b1ac4a47b8e5eebf3a9a895848,False,native_bf16_gpu_with_cpu_weight_offload,low,False,False,True,True,0.0,False,False,False
ae107a48f002253e63637b64,7bc8cc64de85952a9a8b84ea,6,NNN,1/20,19/20,3.0,-8.833316937499323,8.83331693749932,True,31,final_prompt,reliability_interchange,2.0,2.0,0.0,a36b8af3588263449b49626227600d75a3aaa8b1ac4a47b8e5eebf3a9a895848,False,native_bf16_gpu_with_cpu_weight_offload,low,False,False,True,True,0.0,False,False,False
ae107a48f002253e63637b64,7bc8cc64de85952a9a8b84ea,6,NNN,1/20,19/20,3.0,-8.833316937499323,8.83331693749932,True,29,final_prompt,reliability_interchange,2.0,2.0,0.0,a36b8af3588263449b49626227600d75a3aaa8b1ac4a47b8e5eebf3a9a895848,False,native_bf16_gpu_with_cpu_weight_offload,low,False,False,True,True,0.0,False,False,False
b6cc3198e676991b349250ca,28543c4735035178196382f6,6,YYY,19/20,1/20,-3.0,-8.83331693749932,8.833316937499323,True,2,final_prompt,reliability_interchange,-2.0,-2.125,-0.125,a36b8af3588263449b49626227600d75a3aaa8b1ac4a47b8e5eebf3a9a895848,False,native_bf16_gpu_with_cpu_weight_offload,high,True,True,False,False,-0.125,False,False,False
b6cc3198e676991b349250ca,28543c4735035178196382f6,6,YYY,19/20,1/20,-3.0,-8.83331693749932,8.833316937499323,True,31,final_prompt,reliability_interchange,-2.0,-2.0,0.0,a36b8af3588263449b49626227600d75a3aaa8b1ac4a47b8e5eebf3a9a895848,False,native_bf16_gpu_with_cpu_weight_offload,high,True,True,False,False,0.0,False,False,False
b6cc3198e676991b349250ca,28543c4735035178196382f6,6,YYY,19/20,1/20,-3.0,-8.83331693749932,8.833316937499323,True,29,final_prompt,reliability_interchange,-2.0,-2.0,0.0,a36b8af3588263449b49626227600d75a3aaa8b1ac4a47b8e5eebf3a9a895848,False,native_bf16_gpu_with_cpu_weight_offload,high,True,True,False,False,0.0,False,False,False
7bc8cc64de85952a9a8b84ea,ae107a48f002253e63637b64,6,NNN,19/20,1/20,3.0,8.83331693749932,-8.833316937499323,True,2,final_prompt,reliability_interchange,2.375,2.25,-0.125,a36b8af3588263449b49626227600d75a3aaa8b1ac4a47b8e5eebf3a9a895848,False,native_bf16_gpu_with_cpu_weight_offload,high,True,True,False,False,0.125,False,False,False
7bc8cc64de85952a9a8b84ea,ae107a48f002253e63637b64,6,NNN,19/20,1/20,3.0,8.83331693749932,-8.833316937499323,True,31,final_prompt,reliability_interchange,2.375,2.375,0.0,a36b8af3588263449b49626227600d75a3aaa8b1ac4a47b8e5eebf3a9a895848,False,native_bf16_gpu_with_cpu_weight_offload,high,True,True,False,False,-0.0,False,False,False
7bc8cc64de85952a9a8b84ea,ae107a48f002253e63637b64,6,NNN,19/20,1/20,3.0,8.83331693749932,-8.833316937499323,True,29,final_prompt,reliability_interchange,2.375,2.25,-0.125,a36b8af3588263449b49626227600d75a3aaa8b1ac4a47b8e5eebf3a9a895848,False,native_bf16_gpu_with_cpu_weight_offload,high,True,True,False,False,0.125,False,False,False
08edb6c3d4f85e66bf5f6e63,28f72bcb2aac7e16684a709d,6,YYY,1/4,3/4,-3.0,3.295836866004329,-3.295836866004329,True,2,final_prompt,reliability_interchange,-1.375,-1.375,0.0,a36b8af3588263449b49626227600d75a3aaa8b1ac4a47b8e5eebf3a9a895848,False,native_bf16_gpu_with_cpu_weight_offload,low,False,False,True,True,-0.0,False,False,False
08edb6c3d4f85e66bf5f6e63,28f72bcb2aac7e16684a709d,6,YYY,1/4,3/4,-3.0,3.295836866004329,-3.295836866004329,True,31,final_prompt,reliability_interchange,-1.375,-1.375,0.0,a36b8af3588263449b49626227600d75a3aaa8b1ac4a47b8e5eebf3a9a895848,False,native_bf16_gpu_with_cpu_weight_offload,low,False,False,True,True,-0.0,False,False,False
08edb6c3d4f85e66bf5f6e63,28f72bcb2aac7e16684a709d,6,YYY,1/4,3/4,-3.0,3.295836866004329,-3.295836866004329,True,29,final_prompt,reliability_interchange,-1.375,-1.375,0.0,a36b8af3588263449b49626227600d75a3aaa8b1ac4a47b8e5eebf3a9a895848,False,native_bf16_gpu_with_cpu_weight_offload,low,False,False,True,True,-0.0,False,False,False
09512dc36a1a88819955cb0f,fc24c29bdf1e9a9baf21b91e,6,NNN,1/4,3/4,3.0,-3.295836866004329,3.295836866004329,True,2,final_prompt,reliability_interchange,1.75,1.875,0.125,a36b8af3588263449b49626227600d75a3aaa8b1ac4a47b8e5eebf3a9a895848,False,native_bf16_gpu_with_cpu_weight_offload,low,False,False,True,True,0.125,False,False,False
09512dc36a1a88819955cb0f,fc24c29bdf1e9a9baf21b91e,6,NNN,1/4,3/4,3.0,-3.295836866004329,3.295836866004329,True,31,final_prompt,reliability_interchange,1.75,1.75,0.0,a36b8af3588263449b49626227600d75a3aaa8b1ac4a47b8e5eebf3a9a895848,False,native_bf16_gpu_with_cpu_weight_offload,low,False,False,True,True,0.0,False,False,False
09512dc36a1a88819955cb0f,fc24c29bdf1e9a9baf21b91e,6,NNN,1/4,3/4,3.0,-3.295836866004329,3.295836866004329,True,29,final_prompt,reliability_interchange,1.75,1.875,0.125,a36b8af3588263449b49626227600d75a3aaa8b1ac4a47b8e5eebf3a9a895848,False,native_bf16_gpu_with_cpu_weight_offload,low,False,False,True,True,0.125,False,False,False
28f72bcb2aac7e16684a709d,08edb6c3d4f85e66bf5f6e63,6,YYY,3/4,1/4,-3.0,-3.295836866004329,3.295836866004329,True,2,final_prompt,reliability_interchange,-2.0,-2.125,-0.125,a36b8af3588263449b49626227600d75a3aaa8b1ac4a47b8e5eebf3a9a895848,False,native_bf16_gpu_with_cpu_weight_offload,high,True,True,False,False,-0.125,False,False,False
28f72bcb2aac7e16684a709d,08edb6c3d4f85e66bf5f6e63,6,YYY,3/4,1/4,-3.0,-3.295836866004329,3.295836866004329,True,31,final_prompt,reliability_interchange,-2.0,-2.0,0.0,a36b8af3588263449b49626227600d75a3aaa8b1ac4a47b8e5eebf3a9a895848,False,native_bf16_gpu_with_cpu_weight_offload,high,True,True,False,False,0.0,False,False,False
28f72bcb2aac7e16684a709d,08edb6c3d4f85e66bf5f6e63,6,YYY,3/4,1/4,-3.0,-3.295836866004329,3.295836866004329,True,29,final_prompt,reliability_interchange,-2.0,-2.0,0.0,a36b8af3588263449b49626227600d75a3aaa8b1ac4a47b8e5eebf3a9a895848,False,native_bf16_gpu_with_cpu_weight_offload,high,True,True,False,False,0.0,False,False,False
fc24c29bdf1e9a9baf21b91e,09512dc36a1a88819955cb0f,6,NNN,3/4,1/4,3.0,3.295836866004329,-3.295836866004329,True,2,final_prompt,reliability_interchange,2.0,2.0,0.0,a36b8af3588263449b49626227600d75a3aaa8b1ac4a47b8e5eebf3a9a895848,False,native_bf16_gpu_with_cpu_weight_offload,high,True,True,False,False,-0.0,False,False,False
fc24c29bdf1e9a9baf21b91e,09512dc36a1a88819955cb0f,6,NNN,3/4,1/4,3.0,3.295836866004329,-3.295836866004329,True,31,final_prompt,reliability_interchange,2.0,2.0,0.0,a36b8af3588263449b49626227600d75a3aaa8b1ac4a47b8e5eebf3a9a895848,False,native_bf16_gpu_with_cpu_weight_offload,high,True,True,False,False,-0.0,False,False,False
fc24c29bdf1e9a9baf21b91e,09512dc36a1a88819955cb0f,6,NNN,3/4,1/4,3.0,3.295836866004329,-3.295836866004329,True,29,final_prompt,reliability_interchange,2.0,2.0,0.0,a36b8af3588263449b49626227600d75a3aaa8b1ac4a47b8e5eebf3a9a895848,False,native_bf16_gpu_with_cpu_weight_offload,high,True,True,False,False,-0.0,False,False,False
46c1717695988798e77a81c5,b5b899075c40e26199c9de22,9,YNN,1/20,19/20,-1.0,2.9444389791664407,-2.9444389791664403,True,2,final_prompt,reliability_interchange,-0.625,-0.75,-0.125,a36b8af3588263449b49626227600d75a3aaa8b1ac4a47b8e5eebf3a9a895848,False,native_bf16_gpu_with_cpu_weight_offload,low,False,False,True,True,0.125,False,False,False
46c1717695988798e77a81c5,b5b899075c40e26199c9de22,9,YNN,1/20,19/20,-1.0,2.9444389791664407,-2.9444389791664403,True,31,final_prompt,reliability_interchange,-0.625,-0.625,0.0,a36b8af3588263449b49626227600d75a3aaa8b1ac4a47b8e5eebf3a9a895848,False,native_bf16_gpu_with_cpu_weight_offload,low,False,False,True,True,-0.0,False,False,False
46c1717695988798e77a81c5,b5b899075c40e26199c9de22,9,YNN,1/20,19/20,-1.0,2.9444389791664407,-2.9444389791664403,True,29,final_prompt,reliability_interchange,-0.625,-0.625,0.0,a36b8af3588263449b49626227600d75a3aaa8b1ac4a47b8e5eebf3a9a895848,False,native_bf16_gpu_with_cpu_weight_offload,low,False,False,True,True,-0.0,False,False,False
ff4818fcca8bc0f487931052,87607998be8bc6256b1ae940,9,NYY,1/20,19/20,1.0,-2.9444389791664407,2.9444389791664403,True,2,final_prompt,reliability_interchange,-0.5,-0.5,0.0,a36b8af3588263449b49626227600d75a3aaa8b1ac4a47b8e5eebf3a9a895848,False,native_bf16_gpu_with_cpu_weight_offload,low,True,True,False,False,0.0,False,False,False
ff4818fcca8bc0f487931052,87607998be8bc6256b1ae940,9,NYY,1/20,19/20,1.0,-2.9444389791664407,2.9444389791664403,True,31,final_prompt,reliability_interchange,-0.5,-0.5,0.0,a36b8af3588263449b49626227600d75a3aaa8b1ac4a47b8e5eebf3a9a895848,False,native_bf16_gpu_with_cpu_weight_offload,low,True,True,False,False,0.0,False,False,False
ff4818fcca8bc0f487931052,87607998be8bc6256b1ae940,9,NYY,1/20,19/20,1.0,-2.9444389791664407,2.9444389791664403,True,29,final_prompt,reliability_interchange,-0.5,-0.5,0.0,a36b8af3588263449b49626227600d75a3aaa8b1ac4a47b8e5eebf3a9a895848,False,native_bf16_gpu_with_cpu_weight_offload,low,True,True,False,False,0.0,False,False,False
b5b899075c40e26199c9de22,46c1717695988798e77a81c5,9,YNN,19/20,1/20,-1.0,-2.9444389791664403,2.9444389791664407,True,2,final_prompt,reliability_interchange,-0.375,-0.5,-0.125,a36b8af3588263449b49626227600d75a3aaa8b1ac4a47b8e5eebf3a9a895848,False,native_bf16_gpu_with_cpu_weight_offload,high,True,True,False,False,-0.125,False,False,False
b5b899075c40e26199c9de22,46c1717695988798e77a81c5,9,YNN,19/20,1/20,-1.0,-2.9444389791664403,2.9444389791664407,True,31,final_prompt,reliability_interchange,-0.375,-0.375,0.0,a36b8af3588263449b49626227600d75a3aaa8b1ac4a47b8e5eebf3a9a895848,False,native_bf16_gpu_with_cpu_weight_offload,high,True,True,False,False,0.0,False,False,False
b5b899075c40e26199c9de22,46c1717695988798e77a81c5,9,YNN,19/20,1/20,-1.0,-2.9444389791664403,2.9444389791664407,True,29,final_prompt,reliability_interchange,-0.375,-0.375,0.0,a36b8af3588263449b49626227600d75a3aaa8b1ac4a47b8e5eebf3a9a895848,False,native_bf16_gpu_with_cpu_weight_offload,high,True,True,False,False,0.0,False,False,False
87607998be8bc6256b1ae940,ff4818fcca8bc0f487931052,9,NYY,19/20,1/20,1.0,2.9444389791664403,-2.9444389791664407,True,2,final_prompt,reliability_interchange,-0.25,-0.375,-0.125,a36b8af3588263449b49626227600d75a3aaa8b1ac4a47b8e5eebf3a9a895848,False,native_bf16_gpu_with_cpu_weight_offload,high,False,False,True,True,0.125,False,False,False
87607998be8bc6256b1ae940,ff4818fcca8bc0f487931052,9,NYY,19/20,1/20,1.0,2.9444389791664403,-2.9444389791664407,True,31,final_prompt,reliability_interchange,-0.25,-0.25,0.0,a36b8af3588263449b49626227600d75a3aaa8b1ac4a47b8e5eebf3a9a895848,False,native_bf16_gpu_with_cpu_weight_offload,high,False,False,True,True,-0.0,False,False,False
87607998be8bc6256b1ae940,ff4818fcca8bc0f487931052,9,NYY,19/20,1/20,1.0,2.9444389791664403,-2.9444389791664407,True,29,final_prompt,reliability_interchange,-0.25,-0.25,0.0,a36b8af3588263449b49626227600d75a3aaa8b1ac4a47b8e5eebf3a9a895848,False,native_bf16_gpu_with_cpu_weight_offload,high,False,False,True,True,-0.0,False,False,False
bd4819dc1fd49695c1337670,f0828a3da850c00d22305326,9,YNN,1/4,3/4,-1.0,1.0986122886681098,-1.0986122886681098,True,2,final_prompt,reliability_interchange,-0.625,-0.625,0.0,a36b8af3588263449b49626227600d75a3aaa8b1ac4a47b8e5eebf3a9a895848,False,native_bf16_gpu_with_cpu_weight_offload,low,False,False,True,True,-0.0,False,False,False
bd4819dc1fd49695c1337670,f0828a3da850c00d22305326,9,YNN,1/4,3/4,-1.0,1.0986122886681098,-1.0986122886681098,True,31,final_prompt,reliability_interchange,-0.625,-0.625,0.0,a36b8af3588263449b49626227600d75a3aaa8b1ac4a47b8e5eebf3a9a895848,False,native_bf16_gpu_with_cpu_weight_offload,low,False,False,True,True,-0.0,False,False,False
bd4819dc1fd49695c1337670,f0828a3da850c00d22305326,9,YNN,1/4,3/4,-1.0,1.0986122886681098,-1.0986122886681098,True,29,final_prompt,reliability_interchange,-0.625,-0.625,0.0,a36b8af3588263449b49626227600d75a3aaa8b1ac4a47b8e5eebf3a9a895848,False,native_bf16_gpu_with_cpu_weight_offload,low,False,False,True,True,-0.0,False,False,False
82d94f8e589993df051e9150,f53994164e59c013c17e5201,9,NYY,1/4,3/4,1.0,-1.0986122886681098,1.0986122886681098,True,2,final_prompt,reliability_interchange,-0.5,-0.5,0.0,a36b8af3588263449b49626227600d75a3aaa8b1ac4a47b8e5eebf3a9a895848,False,native_bf16_gpu_with_cpu_weight_offload,low,True,True,False,False,0.0,False,False,False
82d94f8e589993df051e9150,f53994164e59c013c17e5201,9,NYY,1/4,3/4,1.0,-1.0986122886681098,1.0986122886681098,True,31,final_prompt,reliability_interchange,-0.5,-0.5,0.0,a36b8af3588263449b49626227600d75a3aaa8b1ac4a47b8e5eebf3a9a895848,False,native_bf16_gpu_with_cpu_weight_offload,low,True,True,False,False,0.0,False,False,False
82d94f8e589993df051e9150,f53994164e59c013c17e5201,9,NYY,1/4,3/4,1.0,-1.0986122886681098,1.0986122886681098,True,29,final_prompt,reliability_interchange,-0.5,-0.5,0.0,a36b8af3588263449b49626227600d75a3aaa8b1ac4a47b8e5eebf3a9a895848,False,native_bf16_gpu_with_cpu_weight_offload,low,True,True,False,False,0.0,False,False,False
f0828a3da850c00d22305326,bd4819dc1fd49695c1337670,9,YNN,3/4,1/4,-1.0,-1.0986122886681098,1.0986122886681098,True,2,final_prompt,reliability_interchange,-0.375,-0.375,0.0,a36b8af3588263449b49626227600d75a3aaa8b1ac4a47b8e5eebf3a9a895848,False,native_bf16_gpu_with_cpu_weight_offload,high,True,True,False,False,0.0,False,False,False
f0828a3da850c00d22305326,bd4819dc1fd49695c1337670,9,YNN,3/4,1/4,-1.0,-1.0986122886681098,1.0986122886681098,True,31,final_prompt,reliability_interchange,-0.375,-0.375,0.0,a36b8af3588263449b49626227600d75a3aaa8b1ac4a47b8e5eebf3a9a895848,False,native_bf16_gpu_with_cpu_weight_offload,high,True,True,False,False,0.0,False,False,False
f0828a3da850c00d22305326,bd4819dc1fd49695c1337670,9,YNN,3/4,1/4,-1.0,-1.0986122886681098,1.0986122886681098,True,29,final_prompt,reliability_interchange,-0.375,-0.375,0.0,a36b8af3588263449b49626227600d75a3aaa8b1ac4a47b8e5eebf3a9a895848,False,native_bf16_gpu_with_cpu_weight_offload,high,True,True,False,False,0.0,False,False,False
f53994164e59c013c17e5201,82d94f8e589993df051e9150,9,NYY,3/4,1/4,1.0,1.0986122886681098,-1.0986122886681098,True,2,final_prompt,reliability_interchange,-0.25,-0.25,0.0,a36b8af3588263449b49626227600d75a3aaa8b1ac4a47b8e5eebf3a9a895848,False,native_bf16_gpu_with_cpu_weight_offload,high,False,False,True,True,-0.0,False,False,False
f53994164e59c013c17e5201,82d94f8e589993df051e9150,9,NYY,3/4,1/4,1.0,1.0986122886681098,-1.0986122886681098,True,31,final_prompt,reliability_interchange,-0.25,-0.25,0.0,a36b8af3588263449b49626227600d75a3aaa8b1ac4a47b8e5eebf3a9a895848,False,native_bf16_gpu_with_cpu_weight_offload,high,False,False,True,True,-0.0,False,False,False
f53994164e59c013c17e5201,82d94f8e589993df051e9150,9,NYY,3/4,1/4,1.0,1.0986122886681098,-1.0986122886681098,True,29,final_prompt,reliability_interchange,-0.25,-0.375,-0.125,a36b8af3588263449b49626227600d75a3aaa8b1ac4a47b8e5eebf3a9a895848,False,native_bf16_gpu_with_cpu_weight_offload,high,False,False,True,True,0.125,False,False,False
ffa92d4b520d5693fea72264,395d9dbeb85b03dee8b4b7e5,10,NYN,1/20,19/20,-1.0,2.9444389791664407,-2.9444389791664403,True,2,final_prompt,reliability_interchange,-0.625,-0.625,0.0,a36b8af3588263449b49626227600d75a3aaa8b1ac4a47b8e5eebf3a9a895848,False,native_bf16_gpu_with_cpu_weight_offload,low,False,False,True,True,-0.0,False,False,False
ffa92d4b520d5693fea72264,395d9dbeb85b03dee8b4b7e5,10,NYN,1/20,19/20,-1.0,2.9444389791664407,-2.9444389791664403,True,31,final_prompt,reliability_interchange,-0.625,-0.625,0.0,a36b8af3588263449b49626227600d75a3aaa8b1ac4a47b8e5eebf3a9a895848,False,native_bf16_gpu_with_cpu_weight_offload,low,False,False,True,True,-0.0,False,False,False
ffa92d4b520d5693fea72264,395d9dbeb85b03dee8b4b7e5,10,NYN,1/20,19/20,-1.0,2.9444389791664407,-2.9444389791664403,True,29,final_prompt,reliability_interchange,-0.625,-0.625,0.0,a36b8af3588263449b49626227600d75a3aaa8b1ac4a47b8e5eebf3a9a895848,False,native_bf16_gpu_with_cpu_weight_offload,low,False,False,True,True,-0.0,False,False,False
1faf73f810f9452c7f3ebab9,b3453ff95e5944a745b684d7,10,YNY,1/20,19/20,1.0,-2.9444389791664407,2.9444389791664403,True,2,final_prompt,reliability_interchange,-0.5,-0.5,0.0,a36b8af3588263449b49626227600d75a3aaa8b1ac4a47b8e5eebf3a9a895848,False,native_bf16_gpu_with_cpu_weight_offload,low,True,True,False,False,0.0,False,False,False
1faf73f810f9452c7f3ebab9,b3453ff95e5944a745b684d7,10,YNY,1/20,19/20,1.0,-2.9444389791664407,2.9444389791664403,True,31,final_prompt,reliability_interchange,-0.5,-0.5,0.0,a36b8af3588263449b49626227600d75a3aaa8b1ac4a47b8e5eebf3a9a895848,False,native_bf16_gpu_with_cpu_weight_offload,low,True,True,False,False,0.0,False,False,False
1faf73f810f9452c7f3ebab9,b3453ff95e5944a745b684d7,10,YNY,1/20,19/20,1.0,-2.9444389791664407,2.9444389791664403,True,29,final_prompt,reliability_interchange,-0.5,-0.5,0.0,a36b8af3588263449b49626227600d75a3aaa8b1ac4a47b8e5eebf3a9a895848,False,native_bf16_gpu_with_cpu_weight_offload,low,True,True,False,False,0.0,False,False,False
395d9dbeb85b03dee8b4b7e5,ffa92d4b520d5693fea72264,10,NYN,19/20,1/20,-1.0,-2.9444389791664403,2.9444389791664407,True,2,final_prompt,reliability_interchange,-0.375,-0.5,-0.125,a36b8af3588263449b49626227600d75a3aaa8b1ac4a47b8e5eebf3a9a895848,False,native_bf16_gpu_with_cpu_weight_offload,high,True,True,False,False,-0.125,False,False,False
395d9dbeb85b03dee8b4b7e5,ffa92d4b520d5693fea72264,10,NYN,19/20,1/20,-1.0,-2.9444389791664403,2.9444389791664407,True,31,final_prompt,reliability_interchange,-0.375,-0.375,0.0,a36b8af3588263449b49626227600d75a3aaa8b1ac4a47b8e5eebf3a9a895848,False,native_bf16_gpu_with_cpu_weight_offload,high,True,True,False,False,0.0,False,False,False
395d9dbeb85b03dee8b4b7e5,ffa92d4b520d5693fea72264,10,NYN,19/20,1/20,-1.0,-2.9444389791664403,2.9444389791664407,True,29,final_prompt,reliability_interchange,-0.375,-0.375,0.0,a36b8af3588263449b49626227600d75a3aaa8b1ac4a47b8e5eebf3a9a895848,False,native_bf16_gpu_with_cpu_weight_offload,high,True,True,False,False,0.0,False,False,False
b3453ff95e5944a745b684d7,1faf73f810f9452c7f3ebab9,10,YNY,19/20,1/20,1.0,2.9444389791664403,-2.9444389791664407,True,2,final_prompt,reliability_interchange,0.0,0.0,0.0,a36b8af3588263449b49626227600d75a3aaa8b1ac4a47b8e5eebf3a9a895848,False,native_bf16_gpu_with_cpu_weight_offload,high,False,False,False,False,-0.0,False,False,False
b3453ff95e5944a745b684d7,1faf73f810f9452c7f3ebab9,10,YNY,19/20,1/20,1.0,2.9444389791664403,-2.9444389791664407,True,31,final_prompt,reliability_interchange,0.0,0.0,0.0,a36b8af3588263449b49626227600d75a3aaa8b1ac4a47b8e5eebf3a9a895848,False,native_bf16_gpu_with_cpu_weight_offload,high,False,False,False,False,-0.0,False,False,False
b3453ff95e5944a745b684d7,1faf73f810f9452c7f3ebab9,10,YNY,19/20,1/20,1.0,2.9444389791664403,-2.9444389791664407,True,29,final_prompt,reliability_interchange,0.0,0.0,0.0,a36b8af3588263449b49626227600d75a3aaa8b1ac4a47b8e5eebf3a9a895848,False,native_bf16_gpu_with_cpu_weight_offload,high,False,False,False,False,-0.0,False,False,False
50c1b8998cd9118f8dafbbfd,bce11dabd96f5255dd37d5d4,10,NYN,1/4,3/4,-1.0,1.0986122886681098,-1.0986122886681098,True,2,final_prompt,reliability_interchange,-0.5,-0.5,0.0,a36b8af3588263449b49626227600d75a3aaa8b1ac4a47b8e5eebf3a9a895848,False,native_bf16_gpu_with_cpu_weight_offload,low,False,False,True,True,-0.0,False,False,False
50c1b8998cd9118f8dafbbfd,bce11dabd96f5255dd37d5d4,10,NYN,1/4,3/4,-1.0,1.0986122886681098,-1.0986122886681098,True,31,final_prompt,reliability_interchange,-0.5,-0.5,0.0,a36b8af3588263449b49626227600d75a3aaa8b1ac4a47b8e5eebf3a9a895848,False,native_bf16_gpu_with_cpu_weight_offload,low,False,False,True,True,-0.0,False,False,False
50c1b8998cd9118f8dafbbfd,bce11dabd96f5255dd37d5d4,10,NYN,1/4,3/4,-1.0,1.0986122886681098,-1.0986122886681098,True,29,final_prompt,reliability_interchange,-0.5,-0.5,0.0,a36b8af3588263449b49626227600d75a3aaa8b1ac4a47b8e5eebf3a9a895848,False,native_bf16_gpu_with_cpu_weight_offload,low,False,False,True,True,-0.0,False,False,False
5bbc861735e1ae16871f6eda,4a35d07fe15268ca81a94804,10,YNY,1/4,3/4,1.0,-1.0986122886681098,1.0986122886681098,True,2,final_prompt,reliability_interchange,-0.375,-0.375,0.0,a36b8af3588263449b49626227600d75a3aaa8b1ac4a47b8e5eebf3a9a895848,False,native_bf16_gpu_with_cpu_weight_offload,low,True,True,False,False,0.0,False,False,False
5bbc861735e1ae16871f6eda,4a35d07fe15268ca81a94804,10,YNY,1/4,3/4,1.0,-1.0986122886681098,1.0986122886681098,True,31,final_prompt,reliability_interchange,-0.375,-0.375,0.0,a36b8af3588263449b49626227600d75a3aaa8b1ac4a47b8e5eebf3a9a895848,False,native_bf16_gpu_with_cpu_weight_offload,low,True,True,False,False,0.0,False,False,False
5bbc861735e1ae16871f6eda,4a35d07fe15268ca81a94804,10,YNY,1/4,3/4,1.0,-1.0986122886681098,1.0986122886681098,True,29,final_prompt,reliability_interchange,-0.375,-0.375,0.0,a36b8af3588263449b49626227600d75a3aaa8b1ac4a47b8e5eebf3a9a895848,False,native_bf16_gpu_with_cpu_weight_offload,low,True,True,False,False,0.0,False,False,False
bce11dabd96f5255dd37d5d4,50c1b8998cd9118f8dafbbfd,10,NYN,3/4,1/4,-1.0,-1.0986122886681098,1.0986122886681098,True,2,final_prompt,reliability_interchange,-0.375,-0.375,0.0,a36b8af3588263449b49626227600d75a3aaa8b1ac4a47b8e5eebf3a9a895848,False,native_bf16_gpu_with_cpu_weight_offload,high,True,True,False,False,0.0,False,False,False
bce11dabd96f5255dd37d5d4,50c1b8998cd9118f8dafbbfd,10,NYN,3/4,1/4,-1.0,-1.0986122886681098,1.0986122886681098,True,31,final_prompt,reliability_interchange,-0.375,-0.375,0.0,a36b8af3588263449b49626227600d75a3aaa8b1ac4a47b8e5eebf3a9a895848,False,native_bf16_gpu_with_cpu_weight_offload,high,True,True,False,False,0.0,False,False,False
bce11dabd96f5255dd37d5d4,50c1b8998cd9118f8dafbbfd,10,NYN,3/4,1/4,-1.0,-1.0986122886681098,1.0986122886681098,True,29,final_prompt,reliability_interchange,-0.375,-0.375,0.0,a36b8af3588263449b49626227600d75a3aaa8b1ac4a47b8e5eebf3a9a895848,False,native_bf16_gpu_with_cpu_weight_offload,high,True,True,False,False,0.0,False,False,False
4a35d07fe15268ca81a94804,5bbc861735e1ae16871f6eda,10,YNY,3/4,1/4,1.0,1.0986122886681098,-1.0986122886681098,True,2,final_prompt,reliability_interchange,0.0,0.0,0.0,a36b8af3588263449b49626227600d75a3aaa8b1ac4a47b8e5eebf3a9a895848,False,native_bf16_gpu_with_cpu_weight_offload,high,False,False,False,False,-0.0,False,False,False
4a35d07fe15268ca81a94804,5bbc861735e1ae16871f6eda,10,YNY,3/4,1/4,1.0,1.0986122886681098,-1.0986122886681098,True,31,final_prompt,reliability_interchange,0.0,0.0,0.0,a36b8af3588263449b49626227600d75a3aaa8b1ac4a47b8e5eebf3a9a895848,False,native_bf16_gpu_with_cpu_weight_offload,high,False,False,False,False,-0.0,False,False,False
4a35d07fe15268ca81a94804,5bbc861735e1ae16871f6eda,10,YNY,3/4,1/4,1.0,1.0986122886681098,-1.0986122886681098,True,29,final_prompt,reliability_interchange,0.0,0.0,0.0,a36b8af3588263449b49626227600d75a3aaa8b1ac4a47b8e5eebf3a9a895848,False,native_bf16_gpu_with_cpu_weight_offload,high,False,False,False,False,-0.0,False,False,False
